image_url,scientific_name
http://static.inaturalist.org/photos/379631/medium.JPG,Thymus vulgaris
https://inaturalist-open-data.s3.amazonaws.com/photos/722880/medium.jpg,Thymus vulgaris
https://inaturalist-open-data.s3.amazonaws.com/photos/901645/medium.jpg,Thymus vulgaris
https://inaturalist-open-data.s3.amazonaws.com/photos/921004/medium.JPG,Thymus vulgaris
http://static.inaturalist.org/photos/1163223/medium.jpg,Thymus vulgaris
https://inaturalist-open-data.s3.amazonaws.com/photos/1204980/medium.,Thymus vulgaris
https://inaturalist-open-data.s3.amazonaws.com/photos/1212924/medium.,Thymus vulgaris
https://inaturalist-open-data.s3.amazonaws.com/photos/1213804/medium.,Thymus vulgaris
https://inaturalist-open-data.s3.amazonaws.com/photos/1232484/medium.,Thymus vulgaris
https://inaturalist-open-data.s3.amazonaws.com/photos/1962401/medium.jpg,Thymus vulgaris
https://inaturalist-open-data.s3.amazonaws.com/photos/1988053/medium.jpg,Thymus vulgaris
https://inaturalist-open-data.s3.amazonaws.com/photos/2677951/medium.jpg,Thymus vulgaris
https://inaturalist-open-data.s3.amazonaws.com/photos/3034821/medium.jpg,Pimelea aridula
https://inaturalist-open-data.s3.amazonaws.com/photos/3034824/medium.jpg,Carmichaelia compacta
https://inaturalist-open-data.s3.amazonaws.com/photos/3221938/medium.jpg,Thymus vulgaris
http://static.inaturalist.org/photos/3227374/medium.jpg,Thymus vulgaris
https://inaturalist-open-data.s3.amazonaws.com/photos/3242258/medium.JPG,Thymus vulgaris
https://inaturalist-open-data.s3.amazonaws.com/photos/3242274/medium.JPG,Thymus vulgaris
https://inaturalist-open-data.s3.amazonaws.com/photos/3301986/medium.JPG,Thymus vulgaris
https://inaturalist-open-data.s3.amazonaws.com/photos/3309845/medium.JPG,Thymus vulgaris
https://inaturalist-open-data.s3.amazonaws.com/photos/3309915/medium.JPG,Thymus vulgaris
https://inaturalist-open-data.s3.amazonaws.com/photos/3309997/medium.JPG,Thymus vulgaris
https://inaturalist-open-data.s3.amazonaws.com/photos/3316558/medium.JPG,Thymus vulgaris
https://inaturalist-open-data.s3.amazonaws.com/photos/3325552/medium.jpeg,Thymus vulgaris
https://inaturalist-open-data.s3.amazonaws.com/photos/3348579/medium.JPG,Thymus vulgaris
https://inaturalist-open-data.s3.amazonaws.com/photos/3353851/medium.JPG,Thymus vulgaris
https://inaturalist-open-data.s3.amazonaws.com/photos/3420775/medium.jpeg,Thymus vulgaris
https://inaturalist-open-data.s3.amazonaws.com/photos/3502159/medium.jpg,Thymus vulgaris
https://inaturalist-open-data.s3.amazonaws.com/photos/3504380/medium.JPG,Thymus vulgaris
https://inaturalist-open-data.s3.amazonaws.com/photos/3504872/medium.JPG,Thymus vulgaris
https://inaturalist-open-data.s3.amazonaws.com/photos/3689050/medium.JPG,Thymus vulgaris
https://inaturalist-open-data.s3.amazonaws.com/photos/3689191/medium.JPG,Thymus vulgaris
https://inaturalist-open-data.s3.amazonaws.com/photos/3829661/medium.jpeg,Thymus vulgaris
https://inaturalist-open-data.s3.amazonaws.com/photos/3736087/medium.JPG,Lotus dorycnium
https://inaturalist-open-data.s3.amazonaws.com/photos/3849219/medium.jpeg,Thymus vulgaris
https://inaturalist-open-data.s3.amazonaws.com/photos/3840422/medium.jpg,Thymus vulgaris
https://inaturalist-open-data.s3.amazonaws.com/photos/3877376/medium.JPG,Thymus vulgaris
https://inaturalist-open-data.s3.amazonaws.com/photos/3892195/medium.jpg,Thymus vulgaris
https://inaturalist-open-data.s3.amazonaws.com/photos/4059936/medium.JPG,Tortella squarrosa
https://inaturalist-open-data.s3.amazonaws.com/photos/4554894/medium.jpeg,Thymus vulgaris
https://inaturalist-open-data.s3.amazonaws.com/photos/4854101/medium.jpeg,Thymus vulgaris
https://inaturalist-open-data.s3.amazonaws.com/photos/4854271/medium.jpeg,Thymus vulgaris
https://inaturalist-open-data.s3.amazonaws.com/photos/5031846/medium.jpeg,Thymus vulgaris
https://inaturalist-open-data.s3.amazonaws.com/photos/5377821/medium.jpeg,Thymus vulgaris
https://inaturalist-open-data.s3.amazonaws.com/photos/5444926/medium.jpg,Thymus vulgaris
https://inaturalist-open-data.s3.amazonaws.com/photos/5847697/medium.jpeg,Thymus vulgaris
https://inaturalist-open-data.s3.amazonaws.com/photos/5922808/medium.jpeg,Thymus vulgaris
https://inaturalist-open-data.s3.amazonaws.com/photos/5984537/medium.jpeg,Thymus vulgaris
https://inaturalist-open-data.s3.amazonaws.com/photos/6465744/medium.jpeg,Thymus vulgaris
https://inaturalist-open-data.s3.amazonaws.com/photos/6504327/medium.jpeg,Thymus vulgaris
https://static.inaturalist.org/photos/7558888/medium.jpeg,Thymus vulgaris
https://inaturalist-open-data.s3.amazonaws.com/photos/7433249/medium.jpg,Rhyparochromus pini
https://static.inaturalist.org/photos/8070579/medium.jpg,Thymus vulgaris
https://inaturalist-open-data.s3.amazonaws.com/photos/9064342/medium.jpeg,Thymus vulgaris
https://inaturalist-open-data.s3.amazonaws.com/photos/9082170/medium.jpeg,Thymus vulgaris
https://inaturalist-open-data.s3.amazonaws.com/photos/9177379/medium.jpg,Thymus vulgaris
https://inaturalist-open-data.s3.amazonaws.com/photos/9322395/medium.jpeg,Thymus vulgaris
https://inaturalist-open-data.s3.amazonaws.com/photos/9494968/medium.jpeg,Thymus vulgaris
https://inaturalist-open-data.s3.amazonaws.com/photos/9867906/medium.jpeg,Thymus vulgaris
https://static.inaturalist.org/photos/10644412/medium.jpeg,Thymus vulgaris
https://inaturalist-open-data.s3.amazonaws.com/photos/10836475/medium.jpg,Thymus vulgaris
https://inaturalist-open-data.s3.amazonaws.com/photos/10848522/medium.jpg,Thymus vulgaris
https://static.inaturalist.org/photos/11341129/medium.jpg,Thymus vulgaris
https://static.inaturalist.org/photos/12864458/medium.jpg,Melitaea cinxia
https://inaturalist-open-data.s3.amazonaws.com/photos/12888131/medium.jpg,Thymus vulgaris
https://static.inaturalist.org/photos/12913089/medium.jpeg,Thymus vulgaris
https://static.inaturalist.org/photos/12991379/medium.jpg,Polyommatus hispana
https://static.inaturalist.org/photos/13009632/medium.jpg,Boloria euphrosyne
https://static.inaturalist.org/photos/13027361/medium.jpg,Callophrys rubi
https://inaturalist-open-data.s3.amazonaws.com/photos/14626543/medium.jpeg,Thymus vulgaris
https://inaturalist-open-data.s3.amazonaws.com/photos/14834612/medium.jpg,Thymus vulgaris
https://static.inaturalist.org/photos/14942546/medium.jpeg,Thymus vulgaris
https://static.inaturalist.org/photos/14943791/medium.jpeg,Thymus vulgaris
https://inaturalist-open-data.s3.amazonaws.com/photos/15014970/medium.jpg,Thymus vulgaris
https://static.inaturalist.org/photos/15557674/medium.jpg,Thymus vulgaris
https://static.inaturalist.org/photos/15739202/medium.jpg,Thymus vulgaris
https://static.inaturalist.org/photos/15832240/medium.jpg,Thymus vulgaris
https://static.inaturalist.org/photos/16121757/medium.jpg,Thymus vulgaris
https://static.inaturalist.org/photos/16235191/medium.jpg,Thymus vulgaris
https://static.inaturalist.org/photos/16275087/medium.jpg,Thymus vulgaris
https://static.inaturalist.org/photos/16496929/medium.jpg,Thymus vulgaris
https://inaturalist-open-data.s3.amazonaws.com/photos/16759473/medium.jpeg,Thymus vulgaris
https://static.inaturalist.org/photos/16975552/medium.jpeg,Thymus vulgaris
https://static.inaturalist.org/photos/16995782/medium.jpg,Thymus vulgaris
https://static.inaturalist.org/photos/17161144/medium.jpg,Thymus vulgaris
https://static.inaturalist.org/photos/17444796/medium.jpg,Thymus vulgaris
https://inaturalist-open-data.s3.amazonaws.com/photos/17462555/medium.jpeg,Thymus vulgaris
https://static.inaturalist.org/photos/17513958/medium.jpg,Thymus vulgaris
https://inaturalist-open-data.s3.amazonaws.com/photos/17536331/medium.jpeg,Thymus vulgaris
https://static.inaturalist.org/photos/17544825/medium.jpg,Thymus vulgaris
https://static.inaturalist.org/photos/17674662/medium.jpg,Thymus vulgaris
https://static.inaturalist.org/photos/17702618/medium.jpeg,Thymus vulgaris
https://static.inaturalist.org/photos/17834956/medium.jpg,Thymus vulgaris
https://static.inaturalist.org/photos/17950927/medium.jpg,Thymus vulgaris
https://static.inaturalist.org/photos/17953657/medium.jpg,Thymus vulgaris
https://static.inaturalist.org/photos/17979251/medium.jpg,Thymus vulgaris
https://static.inaturalist.org/photos/18009722/medium.jpg,Thymus vulgaris
https://static.inaturalist.org/photos/18009835/medium.jpg,Thymus vulgaris
https://static.inaturalist.org/photos/18225375/medium.jpg,Thymus vulgaris
https://static.inaturalist.org/photos/18232191/medium.jpg,Thymus vulgaris
https://static.inaturalist.org/photos/18403466/medium.jpeg,Thymus vulgaris
https://inaturalist-open-data.s3.amazonaws.com/photos/18410568/medium.jpeg,Thymus vulgaris
https://inaturalist-open-data.s3.amazonaws.com/photos/18421695/medium.jpeg,Thymus vulgaris
https://static.inaturalist.org/photos/18611242/medium.jpeg,Thymus vulgaris
https://static.inaturalist.org/photos/18831181/medium.jpg,Thymus vulgaris
https://static.inaturalist.org/photos/18969503/medium.jpg,Thymus vulgaris
https://static.inaturalist.org/photos/19358124/medium.jpeg,Thymus vulgaris
https://static.inaturalist.org/photos/20131052/medium.jpg,Thymus vulgaris
https://static.inaturalist.org/photos/20412253/medium.jpg,Thymus vulgaris
https://static.inaturalist.org/photos/20664801/medium.jpeg,Thymus vulgaris
https://static.inaturalist.org/photos/20688451/medium.jpeg,Thymus vulgaris
https://static.inaturalist.org/photos/20846621/medium.jpeg,Thymus vulgaris
https://static.inaturalist.org/photos/21789912/medium.jpg,Thymus vulgaris
https://static.inaturalist.org/photos/21790224/medium.jpg,Thymus vulgaris
https://inaturalist-open-data.s3.amazonaws.com/photos/21841701/medium.jpg,Scolia hirta
https://static.inaturalist.org/photos/21862822/medium.jpeg,Thymus vulgaris
https://static.inaturalist.org/photos/22113954/medium.jpg,Thymus vulgaris
https://static.inaturalist.org/photos/22522087/medium.jpg,Thymus vulgaris
https://static.inaturalist.org/photos/24064762/medium.jpg,Thymus vulgaris
https://static.inaturalist.org/photos/24229870/medium.jpg,Thymus vulgaris
https://static.inaturalist.org/photos/24229880/medium.jpg,Thymus vulgaris
https://static.inaturalist.org/photos/24575410/medium.jpeg,Thymus vulgaris
https://inaturalist-open-data.s3.amazonaws.com/photos/24640569/medium.jpeg,Thymus vulgaris
https://static.inaturalist.org/photos/25721319/medium.jpg,Thymus vulgaris
https://inaturalist-open-data.s3.amazonaws.com/photos/25938685/medium.jpg,Thymus vulgaris
https://inaturalist-open-data.s3.amazonaws.com/photos/25965651/medium.jpg,Thymus vulgaris
https://inaturalist-open-data.s3.amazonaws.com/photos/25968607/medium.jpg,Thymus vulgaris
https://inaturalist-open-data.s3.amazonaws.com/photos/26318920/medium.jpg,Thymus vulgaris
https://inaturalist-open-data.s3.amazonaws.com/photos/26497884/medium.jpg,Thymus vulgaris
https://inaturalist-open-data.s3.amazonaws.com/photos/26504945/medium.jpg,Thymus vulgaris
https://static.inaturalist.org/photos/26558629/medium.jpeg,Thymus vulgaris
https://inaturalist-open-data.s3.amazonaws.com/photos/26575172/medium.jpg,Thymus vulgaris
https://static.inaturalist.org/photos/26615099/medium.jpeg,Thymus vulgaris
https://inaturalist-open-data.s3.amazonaws.com/photos/26838018/medium.jpg,Thymus vulgaris
https://inaturalist-open-data.s3.amazonaws.com/photos/26838050/medium.jpg,Thymus vulgaris
https://inaturalist-open-data.s3.amazonaws.com/photos/27058242/medium.jpg,Thymus vulgaris
https://static.inaturalist.org/photos/27059273/medium.jpg,Thymus vulgaris
https://inaturalist-open-data.s3.amazonaws.com/photos/27085038/medium.jpg,Thymus vulgaris
https://inaturalist-open-data.s3.amazonaws.com/photos/27093470/medium.jpg,Thymus vulgaris
https://inaturalist-open-data.s3.amazonaws.com/photos/27120106/medium.jpg,Thymus vulgaris
https://inaturalist-open-data.s3.amazonaws.com/photos/27146047/medium.jpeg,Thymus vulgaris
https://inaturalist-open-data.s3.amazonaws.com/photos/27154711/medium.jpg,Thymus vulgaris
https://inaturalist-open-data.s3.amazonaws.com/photos/27189958/medium.jpg,Thymus vulgaris
https://inaturalist-open-data.s3.amazonaws.com/photos/27204485/medium.jpeg,Thymus vulgaris
https://inaturalist-open-data.s3.amazonaws.com/photos/27354743/medium.jpg,Thymus vulgaris
https://inaturalist-open-data.s3.amazonaws.com/photos/27360610/medium.jpg,Thymus vulgaris
https://inaturalist-open-data.s3.amazonaws.com/photos/27388742/medium.jpeg,Thymus vulgaris
https://inaturalist-open-data.s3.amazonaws.com/photos/27469343/medium.jpg,Thymus vulgaris
https://inaturalist-open-data.s3.amazonaws.com/photos/27498876/medium.jpg,Thymus vulgaris
https://inaturalist-open-data.s3.amazonaws.com/photos/27514095/medium.jpg,Thymus vulgaris
https://inaturalist-open-data.s3.amazonaws.com/photos/27521587/medium.jpg,Thymus vulgaris
https://static.inaturalist.org/photos/27536623/medium.jpg,Thymus vulgaris
https://inaturalist-open-data.s3.amazonaws.com/photos/27580471/medium.jpg,Thymus vulgaris
https://static.inaturalist.org/photos/27605210/medium.jpg,Thymus vulgaris
https://static.inaturalist.org/photos/27672745/medium.jpg,Thymus vulgaris
https://static.inaturalist.org/photos/27674005/medium.jpg,Thymus vulgaris
https://static.inaturalist.org/photos/28107539/medium.jpg,Thymus vulgaris
https://static.inaturalist.org/photos/28120667/medium.jpg,Thymus vulgaris
https://static.inaturalist.org/photos/28199901/medium.jpg,Thymus vulgaris
https://inaturalist-open-data.s3.amazonaws.com/photos/28212577/medium.jpeg,Thymus vulgaris
https://static.inaturalist.org/photos/28994396/medium.jpg,Thymus vulgaris
https://static.inaturalist.org/photos/28998391/medium.jpg,Thymus vulgaris
https://static.inaturalist.org/photos/29179818/medium.jpg,Thymus vulgaris
https://static.inaturalist.org/photos/29279651/medium.jpg,Microtis unifolia
https://static.inaturalist.org/photos/29279662/medium.jpg,Thymus vulgaris
https://static.inaturalist.org/photos/29441744/medium.jpg,Thymus vulgaris
https://static.inaturalist.org/photos/29626771/medium.jpg,Thymus vulgaris
https://inaturalist-open-data.s3.amazonaws.com/photos/29799738/medium.jpg,Thymus vulgaris
https://static.inaturalist.org/photos/30076812/medium.jpeg,Thymus vulgaris
https://inaturalist-open-data.s3.amazonaws.com/photos/30651834/medium.jpeg,Thymus vulgaris
https://inaturalist-open-data.s3.amazonaws.com/photos/30651668/medium.jpeg,Thymus vulgaris
https://inaturalist-open-data.s3.amazonaws.com/photos/30652572/medium.jpeg,Thymus vulgaris
https://inaturalist-open-data.s3.amazonaws.com/photos/30805723/medium.jpeg,Thymus vulgaris
https://static.inaturalist.org/photos/31277929/medium.jpg,Thymus vulgaris
https://inaturalist-open-data.s3.amazonaws.com/photos/31959958/medium.jpeg,Thymus vulgaris
https://inaturalist-open-data.s3.amazonaws.com/photos/32166142/medium.jpg,Thymus vulgaris
https://inaturalist-open-data.s3.amazonaws.com/photos/32688135/medium.jpg,Thymus vulgaris
https://inaturalist-open-data.s3.amazonaws.com/photos/32993860/medium.jpg,Thymus vulgaris
https://inaturalist-open-data.s3.amazonaws.com/photos/33434491/medium.jpeg,Thymus vulgaris
https://inaturalist-open-data.s3.amazonaws.com/photos/33434640/medium.jpeg,Thymus vulgaris
https://inaturalist-open-data.s3.amazonaws.com/photos/33474739/medium.jpg,Thymus vulgaris
https://inaturalist-open-data.s3.amazonaws.com/photos/33474762/medium.jpg,Thymus vulgaris
https://inaturalist-open-data.s3.amazonaws.com/photos/33814833/medium.jpeg,Thymus vulgaris
https://static.inaturalist.org/photos/33815499/medium.jpeg,Thymus vulgaris
https://static.inaturalist.org/photos/34080101/medium.jpg,Thymus vulgaris
https://inaturalist-open-data.s3.amazonaws.com/photos/34137950/medium.jpg,Thymus vulgaris
https://static.inaturalist.org/photos/34276031/medium.jpg,Thymus vulgaris
https://inaturalist-open-data.s3.amazonaws.com/photos/34567561/medium.jpg,Thymus vulgaris
https://inaturalist-open-data.s3.amazonaws.com/photos/34862222/medium.jpeg,Thymus vulgaris
https://static.inaturalist.org/photos/34958551/medium.jpg,Thymus vulgaris
https://inaturalist-open-data.s3.amazonaws.com/photos/35019045/medium.jpg,Thymus vulgaris
https://static.inaturalist.org/photos/35095019/medium.jpg,Thymus vulgaris
https://inaturalist-open-data.s3.amazonaws.com/photos/35201178/medium.jpg,Thymus vulgaris
https://inaturalist-open-data.s3.amazonaws.com/photos/35294134/medium.jpeg,Thymus vulgaris
https://inaturalist-open-data.s3.amazonaws.com/photos/35378966/medium.jpeg,Thymus vulgaris
https://inaturalist-open-data.s3.amazonaws.com/photos/35670436/medium.jpeg,Thymus vulgaris
https://inaturalist-open-data.s3.amazonaws.com/photos/35731065/medium.jpeg,Thymus vulgaris
https://inaturalist-open-data.s3.amazonaws.com/photos/35732082/medium.jpeg,Thymus vulgaris
https://static.inaturalist.org/photos/35739025/medium.jpeg,Thymus vulgaris
https://static.inaturalist.org/photos/36251755/medium.jpg,Thymus vulgaris
https://inaturalist-open-data.s3.amazonaws.com/photos/36388199/medium.jpg,Thymus vulgaris
https://inaturalist-open-data.s3.amazonaws.com/photos/36492068/medium.jpg,Thymus vulgaris
https://inaturalist-open-data.s3.amazonaws.com/photos/36503951/medium.jpeg,Thymus vulgaris
https://static.inaturalist.org/photos/36593742/medium.jpg,Thymus vulgaris vulgaris
https://inaturalist-open-data.s3.amazonaws.com/photos/36606602/medium.jpg,Thymus vulgaris
https://inaturalist-open-data.s3.amazonaws.com/photos/36621863/medium.jpeg,Thymus vulgaris
https://inaturalist-open-data.s3.amazonaws.com/photos/36674175/medium.jpg,Thymus vulgaris
https://inaturalist-open-data.s3.amazonaws.com/photos/36796032/medium.jpg,Thymus vulgaris
https://static.inaturalist.org/photos/36806793/medium.jpeg,Thymus vulgaris
https://inaturalist-open-data.s3.amazonaws.com/photos/36852239/medium.jpg,Thymus vulgaris
https://inaturalist-open-data.s3.amazonaws.com/photos/37022942/medium.jpeg,Thymus vulgaris
https://static.inaturalist.org/photos/37065948/medium.jpg,Thymus vulgaris
https://inaturalist-open-data.s3.amazonaws.com/photos/37297818/medium.jpeg,Thymus vulgaris
https://static.inaturalist.org/photos/37313644/medium.jpeg,Thymus vulgaris
https://inaturalist-open-data.s3.amazonaws.com/photos/37454213/medium.jpeg,Thymus vulgaris
https://static.inaturalist.org/photos/37538096/medium.jpeg,Thymus vulgaris vulgaris
https://static.inaturalist.org/photos/37559487/medium.jpg,Thymus vulgaris
https://static.inaturalist.org/photos/37687842/medium.jpg,Thymus vulgaris
https://static.inaturalist.org/photos/37789820/medium.jpeg,Thymus vulgaris
https://inaturalist-open-data.s3.amazonaws.com/photos/37890570/medium.jpeg,Thymus vulgaris
https://static.inaturalist.org/photos/37996503/medium.jpg,Thymus vulgaris
https://static.inaturalist.org/photos/38010274/medium.jpeg,Thymus vulgaris
https://inaturalist-open-data.s3.amazonaws.com/photos/38057578/medium.jpg,Thymus vulgaris
https://static.inaturalist.org/photos/38132753/medium.jpeg,Thymus vulgaris
https://static.inaturalist.org/photos/38234658/medium.jpg,Thymus vulgaris
https://static.inaturalist.org/photos/38316043/medium.jpeg,Thymus vulgaris
https://static.inaturalist.org/photos/38326065/medium.jpeg,Thymus vulgaris
https://inaturalist-open-data.s3.amazonaws.com/photos/38330175/medium.jpg,Thymus vulgaris
https://static.inaturalist.org/photos/38366085/medium.jpg,Thymus vulgaris
https://inaturalist-open-data.s3.amazonaws.com/photos/38429579/medium.jpeg,Thymus vulgaris
https://inaturalist-open-data.s3.amazonaws.com/photos/38429813/medium.jpeg,Thymus vulgaris
https://static.inaturalist.org/photos/38509076/medium.jpeg,Thymus vulgaris
https://static.inaturalist.org/photos/38566780/medium.jpeg,Thymus vulgaris
https://static.inaturalist.org/photos/38790994/medium.jpeg,Thymus vulgaris
https://static.inaturalist.org/photos/39103325/medium.jpeg,Thymus vulgaris
https://static.inaturalist.org/photos/39118658/medium.jpeg,Thymus vulgaris
https://static.inaturalist.org/photos/39293609/medium.jpeg,Thymus vulgaris
https://static.inaturalist.org/photos/39606150/medium.jpeg,Thymus vulgaris
https://static.inaturalist.org/photos/39700645/medium.jpeg,Thymus vulgaris
https://inaturalist-open-data.s3.amazonaws.com/photos/39703712/medium.jpg,Thymus vulgaris
https://static.inaturalist.org/photos/39772250/medium.jpg,Thymus vulgaris
https://inaturalist-open-data.s3.amazonaws.com/photos/39782999/medium.jpg,Thymus vulgaris
https://static.inaturalist.org/photos/39811483/medium.jpg,Thymus vulgaris
https://inaturalist-open-data.s3.amazonaws.com/photos/39888909/medium.jpg,Thymus vulgaris
https://static.inaturalist.org/photos/40419818/medium.jpg,Thymus vulgaris
https://static.inaturalist.org/photos/40423347/medium.jpg,Thymus vulgaris
https://static.inaturalist.org/photos/40605657/medium.jpeg,Thymus vulgaris
https://static.inaturalist.org/photos/40953558/medium.jpg,Thymus vulgaris
https://static.inaturalist.org/photos/41136957/medium.jpeg,Thymus vulgaris
https://inaturalist-open-data.s3.amazonaws.com/photos/41175597/medium.jpeg,Thymus vulgaris
https://inaturalist-open-data.s3.amazonaws.com/photos/41414205/medium.jpg,Thymus vulgaris
https://inaturalist-open-data.s3.amazonaws.com/photos/41530325/medium.jpg,Thymus vulgaris
https://static.inaturalist.org/photos/42523925/medium.jpg,Thymus vulgaris
https://static.inaturalist.org/photos/42708847/medium.jpg,Thymus vulgaris
https://inaturalist-open-data.s3.amazonaws.com/photos/42794512/medium.jpeg,Thymus vulgaris
https://static.inaturalist.org/photos/43243713/medium.jpg,Thymus vulgaris
https://inaturalist-open-data.s3.amazonaws.com/photos/43295069/medium.jpeg,Thymus vulgaris
https://inaturalist-open-data.s3.amazonaws.com/photos/43888457/medium.jpeg,Thymus vulgaris
https://inaturalist-open-data.s3.amazonaws.com/photos/44235268/medium.jpg,Thymus vulgaris
https://inaturalist-open-data.s3.amazonaws.com/photos/44428723/medium.jpeg,Thymus vulgaris
https://inaturalist-open-data.s3.amazonaws.com/photos/44904175/medium.jpeg,Thymus vulgaris
https://inaturalist-open-data.s3.amazonaws.com/photos/45384605/medium.jpeg,Thymus vulgaris
https://inaturalist-open-data.s3.amazonaws.com/photos/45504591/medium.jpeg,Thymus vulgaris
https://static.inaturalist.org/photos/45510088/medium.jpg,Sphaerophoria scripta
https://inaturalist-open-data.s3.amazonaws.com/photos/45938893/medium.jpeg,Thymus vulgaris
https://inaturalist-open-data.s3.amazonaws.com/photos/46008380/medium.jpeg,Thymus vulgaris
https://inaturalist-open-data.s3.amazonaws.com/photos/46221715/medium.jpg,Thymus vulgaris
https://inaturalist-open-data.s3.amazonaws.com/photos/46274775/medium.jpg,Thymus vulgaris
https://static.inaturalist.org/photos/46591071/medium.jpg,Thymus vulgaris
https://static.inaturalist.org/photos/46699200/medium.jpeg,Thymus vulgaris
https://inaturalist-open-data.s3.amazonaws.com/photos/46911134/medium.jpeg,Thymus vulgaris
https://static.inaturalist.org/photos/47006179/medium.jpg,Thymus vulgaris
https://static.inaturalist.org/photos/48907678/medium.jpg,Thymus vulgaris
https://static.inaturalist.org/photos/49171379/medium.jpg,Thymus vulgaris
https://static.inaturalist.org/photos/49281138/medium.jpeg,Thymus vulgaris
https://inaturalist-open-data.s3.amazonaws.com/photos/50409330/medium.jpg,Thymus vulgaris
https://static.inaturalist.org/photos/50507548/medium.jpg,Thymus vulgaris
https://inaturalist-open-data.s3.amazonaws.com/photos/50834693/medium.jpg,Thymus vulgaris
https://inaturalist-open-data.s3.amazonaws.com/photos/50885477/medium.jpg,Thymus vulgaris
https://inaturalist-open-data.s3.amazonaws.com/photos/51128162/medium.jpeg,Thymus vulgaris
https://static.inaturalist.org/photos/51140756/medium.jpeg,Thymus vulgaris
https://inaturalist-open-data.s3.amazonaws.com/photos/51264863/medium.jpg,Thymus vulgaris
https://static.inaturalist.org/photos/51423517/medium.jpeg,Thymus vulgaris
https://inaturalist-open-data.s3.amazonaws.com/photos/51572418/medium.jpg,Thymus vulgaris
https://inaturalist-open-data.s3.amazonaws.com/photos/51572610/medium.jpg,Thymus vulgaris
https://static.inaturalist.org/photos/51632150/medium.jpeg,Thymus vulgaris
https://inaturalist-open-data.s3.amazonaws.com/photos/51944675/medium.jpeg,Thymus vulgaris
https://inaturalist-open-data.s3.amazonaws.com/photos/52594647/medium.jpg,Thymus vulgaris
https://static.inaturalist.org/photos/51963400/medium.jpeg,Thymus vulgaris
https://inaturalist-open-data.s3.amazonaws.com/photos/52108881/medium.jpg,Thymus vulgaris
https://inaturalist-open-data.s3.amazonaws.com/photos/52232367/medium.jpeg,Thymus vulgaris
https://inaturalist-open-data.s3.amazonaws.com/photos/52305466/medium.jpg,Thymus vulgaris
https://inaturalist-open-data.s3.amazonaws.com/photos/52518218/medium.jpg,Thymus vulgaris
https://inaturalist-open-data.s3.amazonaws.com/photos/52777044/medium.jpg,Thymus vulgaris
https://inaturalist-open-data.s3.amazonaws.com/photos/52807024/medium.jpg,Thymus vulgaris
https://inaturalist-open-data.s3.amazonaws.com/photos/53052984/medium.jpg,Thymus vulgaris
https://inaturalist-open-data.s3.amazonaws.com/photos/53085177/medium.jpeg,Thymus vulgaris
https://static.inaturalist.org/photos/53648507/medium.jpg,Thymus vulgaris
https://inaturalist-open-data.s3.amazonaws.com/photos/53853608/medium.jpg,Thymus vulgaris
https://inaturalist-open-data.s3.amazonaws.com/photos/53943086/medium.jpg,Thymus vulgaris
https://inaturalist-open-data.s3.amazonaws.com/photos/53949033/medium.jpg,Thymus vulgaris
https://inaturalist-open-data.s3.amazonaws.com/photos/54181835/medium.jpg,Thymus vulgaris
https://inaturalist-open-data.s3.amazonaws.com/photos/54305987/medium.jpg,Thymus vulgaris
https://static.inaturalist.org/photos/54325306/medium.jpeg,Thymus vulgaris
https://inaturalist-open-data.s3.amazonaws.com/photos/54389960/medium.jpg,Thymus vulgaris
https://inaturalist-open-data.s3.amazonaws.com/photos/54399052/medium.jpg,Thymus vulgaris
https://inaturalist-open-data.s3.amazonaws.com/photos/54449763/medium.jpeg,Thymus vulgaris
https://inaturalist-open-data.s3.amazonaws.com/photos/54630518/medium.jpg,Thymus vulgaris
https://inaturalist-open-data.s3.amazonaws.com/photos/54641948/medium.jpg,Thymus vulgaris
https://static.inaturalist.org/photos/54798897/medium.jpg,Thymus vulgaris
https://static.inaturalist.org/photos/54932493/medium.jpg,Thymus pulegioides
https://inaturalist-open-data.s3.amazonaws.com/photos/54993915/medium.jpeg,Thymus vulgaris
https://static.inaturalist.org/photos/55057275/medium.jpg,Thymus vulgaris
https://static.inaturalist.org/photos/56953584/medium.jpg,Thymus vulgaris
https://inaturalist-open-data.s3.amazonaws.com/photos/55133878/medium.jpg,Thymus vulgaris
https://inaturalist-open-data.s3.amazonaws.com/photos/55282675/medium.jpg,Thymus vulgaris
https://static.inaturalist.org/photos/55309798/medium.jpg,Thymus vulgaris
https://inaturalist-open-data.s3.amazonaws.com/photos/55311538/medium.jpg,Thymus vulgaris
https://inaturalist-open-data.s3.amazonaws.com/photos/55318215/medium.jpg,Thymus vulgaris
https://inaturalist-open-data.s3.amazonaws.com/photos/55324452/medium.jpg,Thymus vulgaris
https://inaturalist-open-data.s3.amazonaws.com/photos/55327263/medium.jpg,Thymus vulgaris
https://inaturalist-open-data.s3.amazonaws.com/photos/55345536/medium.jpg,Thymus vulgaris
https://static.inaturalist.org/photos/55356460/medium.jpg,Thymus vulgaris
https://inaturalist-open-data.s3.amazonaws.com/photos/55378628/medium.jpg,Thymus vulgaris
https://static.inaturalist.org/photos/55379935/medium.jpeg,Thymus vulgaris
https://inaturalist-open-data.s3.amazonaws.com/photos/55381726/medium.jpg,Thymus vulgaris
https://inaturalist-open-data.s3.amazonaws.com/photos/55401292/medium.jpg,Thymus vulgaris
https://static.inaturalist.org/photos/55475349/medium.jpg,Thymus vulgaris
https://static.inaturalist.org/photos/55511782/medium.jpeg,Thymus vulgaris
https://inaturalist-open-data.s3.amazonaws.com/photos/55589133/medium.jpeg,Thymus vulgaris
https://static.inaturalist.org/photos/56015808/medium.jpg,Thymus vulgaris
https://inaturalist-open-data.s3.amazonaws.com/photos/56280483/medium.jpg,Thymus vulgaris
https://inaturalist-open-data.s3.amazonaws.com/photos/56736540/medium.jpeg,Thymus vulgaris
https://static.inaturalist.org/photos/57169560/medium.jpg,Thymus vulgaris
https://static.inaturalist.org/photos/57184432/medium.jpg,Thymus vulgaris
https://static.inaturalist.org/photos/57358087/medium.jpg,Thymus vulgaris
https://static.inaturalist.org/photos/57363403/medium.jpg,Thymus vulgaris
https://inaturalist-open-data.s3.amazonaws.com/photos/57423253/medium.jpg,Thymus vulgaris
https://inaturalist-open-data.s3.amazonaws.com/photos/57454733/medium.jpg,Thymus vulgaris
https://inaturalist-open-data.s3.amazonaws.com/photos/57503741/medium.jpg,Thymus vulgaris
https://inaturalist-open-data.s3.amazonaws.com/photos/57506726/medium.jpg,Thymus vulgaris
https://inaturalist-open-data.s3.amazonaws.com/photos/57803998/medium.jpg,Thymus vulgaris
https://inaturalist-open-data.s3.amazonaws.com/photos/57945184/medium.jpg,Thymus vulgaris
https://inaturalist-open-data.s3.amazonaws.com/photos/58121165/medium.jpg,Thymus vulgaris
https://inaturalist-open-data.s3.amazonaws.com/photos/58121172/medium.jpg,Thymus vulgaris
https://inaturalist-open-data.s3.amazonaws.com/photos/58121238/medium.jpg,Thymus vulgaris
https://inaturalist-open-data.s3.amazonaws.com/photos/58181709/medium.jpeg,Thymus vulgaris
https://inaturalist-open-data.s3.amazonaws.com/photos/58293466/medium.jpg,Thymus vulgaris
https://inaturalist-open-data.s3.amazonaws.com/photos/58527825/medium.jpg,Thymus vulgaris
https://static.inaturalist.org/photos/58614272/medium.jpeg,Thymus vulgaris
https://inaturalist-open-data.s3.amazonaws.com/photos/58944142/medium.jpg,Thymus vulgaris
https://static.inaturalist.org/photos/59121771/medium.jpeg,Thymus vulgaris
https://static.inaturalist.org/photos/59125978/medium.jpg,Thymus vulgaris
https://inaturalist-open-data.s3.amazonaws.com/photos/59247376/medium.jpg,Thymus vulgaris
https://inaturalist-open-data.s3.amazonaws.com/photos/59319488/medium.jpg,Thymus vulgaris
https://inaturalist-open-data.s3.amazonaws.com/photos/59370907/medium.jpeg,Thymus vulgaris
https://inaturalist-open-data.s3.amazonaws.com/photos/60107256/medium.jpg,Thymus vulgaris
https://static.inaturalist.org/photos/60543803/medium.jpeg,Thymus vulgaris
https://static.inaturalist.org/photos/61055034/medium.jpg,Thymus vulgaris
https://static.inaturalist.org/photos/61056564/medium.jpg,Thymus vulgaris
https://inaturalist-open-data.s3.amazonaws.com/photos/61057202/medium.jpg,Thymus vulgaris
https://inaturalist-open-data.s3.amazonaws.com/photos/61200195/medium.jpg,Thymus vulgaris
https://inaturalist-open-data.s3.amazonaws.com/photos/61200716/medium.jpg,Thymus vulgaris
https://inaturalist-open-data.s3.amazonaws.com/photos/61208922/medium.jpeg,Thymus vulgaris
https://inaturalist-open-data.s3.amazonaws.com/photos/61316180/medium.jpeg,Thymus vulgaris
https://inaturalist-open-data.s3.amazonaws.com/photos/61316546/medium.jpeg,Thymus vulgaris
https://static.inaturalist.org/photos/61369198/medium.jpg,Thymus vulgaris
https://static.inaturalist.org/photos/61508494/medium.jpeg,Thymus vulgaris
https://static.inaturalist.org/photos/61662339/medium.jpg,Thymus vulgaris
https://inaturalist-open-data.s3.amazonaws.com/photos/61824918/medium.jpeg,Thymus vulgaris
https://inaturalist-open-data.s3.amazonaws.com/photos/61913810/medium.jpeg,Thymus vulgaris
https://static.inaturalist.org/photos/61947703/medium.jpeg,Thymus vulgaris
https://inaturalist-open-data.s3.amazonaws.com/photos/62191152/medium.jpg,Thymus vulgaris
https://inaturalist-open-data.s3.amazonaws.com/photos/62225646/medium.jpeg,Thymus vulgaris vulgaris
https://inaturalist-open-data.s3.amazonaws.com/photos/62453016/medium.jpg,Thymus vulgaris
https://static.inaturalist.org/photos/62870396/medium.jpeg,Thymus vulgaris
https://static.inaturalist.org/photos/62914723/medium.jpeg,Thymus vulgaris
https://static.inaturalist.org/photos/62915068/medium.jpeg,Thymus vulgaris
https://inaturalist-open-data.s3.amazonaws.com/photos/62926336/medium.jpg,Thymus vulgaris
https://static.inaturalist.org/photos/62940338/medium.jpg,Thymus vulgaris
https://inaturalist-open-data.s3.amazonaws.com/photos/63110299/medium.jpg,Thymus vulgaris
https://static.inaturalist.org/photos/63347269/medium.jpg,Thymus vulgaris
https://inaturalist-open-data.s3.amazonaws.com/photos/63375990/medium.jpeg,Thymus vulgaris
https://static.inaturalist.org/photos/63404782/medium.jpeg,Thymus vulgaris
https://static.inaturalist.org/photos/63550256/medium.jpg,Thymus vulgaris
https://static.inaturalist.org/photos/63766673/medium.jpeg,Thymus vulgaris
https://static.inaturalist.org/photos/64038359/medium.jpg,Thymus vulgaris
https://static.inaturalist.org/photos/64038391/medium.jpg,Thymus vulgaris
https://static.inaturalist.org/photos/65381619/medium.jpg,Thymus vulgaris
https://inaturalist-open-data.s3.amazonaws.com/photos/64113657/medium.jpeg,Thymus vulgaris
https://inaturalist-open-data.s3.amazonaws.com/photos/64417581/medium.jpg,Thymus vulgaris
https://inaturalist-open-data.s3.amazonaws.com/photos/64442064/medium.jpeg,Thymus vulgaris
https://inaturalist-open-data.s3.amazonaws.com/photos/64589683/medium.jpeg,Thymus vulgaris
https://inaturalist-open-data.s3.amazonaws.com/photos/64845776/medium.jpg,Thymus vulgaris
https://static.inaturalist.org/photos/64925977/medium.jpg,Thymus vulgaris
https://inaturalist-open-data.s3.amazonaws.com/photos/65053306/medium.jpg,Thymus vulgaris
https://static.inaturalist.org/photos/65151724/medium.jpg,Thymus vulgaris
https://inaturalist-open-data.s3.amazonaws.com/photos/65282439/medium.jpg,Thymus vulgaris
https://inaturalist-open-data.s3.amazonaws.com/photos/65364350/medium.jpg,Thymus vulgaris
https://inaturalist-open-data.s3.amazonaws.com/photos/65412872/medium.jpg,Thymus vulgaris
https://static.inaturalist.org/photos/65564597/medium.jpg,Thymus vulgaris
https://inaturalist-open-data.s3.amazonaws.com/photos/65742870/medium.jpeg,Thymus vulgaris
https://static.inaturalist.org/photos/65762883/medium.jpeg,Thymus vulgaris
https://inaturalist-open-data.s3.amazonaws.com/photos/66018975/medium.jpg,Thymus vulgaris
https://static.inaturalist.org/photos/66114780/medium.jpg,Thymus vulgaris
https://static.inaturalist.org/photos/66475435/medium.jpg,Thymus vulgaris
https://static.inaturalist.org/photos/66124097/medium.jpg,Thymus vulgaris
https://static.inaturalist.org/photos/66135772/medium.jpg,Thymus vulgaris
https://inaturalist-open-data.s3.amazonaws.com/photos/66267677/medium.jpeg,Thymus vulgaris
https://inaturalist-open-data.s3.amazonaws.com/photos/66363407/medium.jpg,Thymus vulgaris
https://inaturalist-open-data.s3.amazonaws.com/photos/66504060/medium.jpeg,Thymus vulgaris
https://inaturalist-open-data.s3.amazonaws.com/photos/66676688/medium.jpeg,Thymus vulgaris
https://static.inaturalist.org/photos/66715447/medium.jpg,Thymus vulgaris
https://inaturalist-open-data.s3.amazonaws.com/photos/66783438/medium.jpeg,Thymus vulgaris
https://static.inaturalist.org/photos/66790330/medium.jpg,Thymus vulgaris
https://inaturalist-open-data.s3.amazonaws.com/photos/66851679/medium.jpeg,Thymus vulgaris
https://inaturalist-open-data.s3.amazonaws.com/photos/66945473/medium.jpg,Thymus vulgaris
https://inaturalist-open-data.s3.amazonaws.com/photos/67057794/medium.jpg,Thymus vulgaris
https://static.inaturalist.org/photos/67254394/medium.jpeg,Lucilia cuprina
https://inaturalist-open-data.s3.amazonaws.com/photos/67275708/medium.jpeg,Thymus vulgaris
https://static.inaturalist.org/photos/67330692/medium.jpeg,Thymus vulgaris
https://inaturalist-open-data.s3.amazonaws.com/photos/67424937/medium.jpeg,Thymus vulgaris
https://inaturalist-open-data.s3.amazonaws.com/photos/67713487/medium.jpeg,Thymus vulgaris
https://static.inaturalist.org/photos/67747213/medium.jpeg,Thymus vulgaris
https://static.inaturalist.org/photos/68069795/medium.jpeg,Thymus vulgaris
https://static.inaturalist.org/photos/68189864/medium.jpeg,Thymus vulgaris
https://inaturalist-open-data.s3.amazonaws.com/photos/68227244/medium.jpeg,Thymus vulgaris
https://static.inaturalist.org/photos/68275781/medium.jpg,Thymus vulgaris
https://inaturalist-open-data.s3.amazonaws.com/photos/68330781/medium.jpg,Thymus vulgaris
https://inaturalist-open-data.s3.amazonaws.com/photos/68371881/medium.jpeg,Thymus vulgaris
https://static.inaturalist.org/photos/68446865/medium.jpeg,Thymus vulgaris
https://inaturalist-open-data.s3.amazonaws.com/photos/68489244/medium.jpeg,Thymus vulgaris
https://inaturalist-open-data.s3.amazonaws.com/photos/68705668/medium.jpg,Thymus vulgaris
https://static.inaturalist.org/photos/68753389/medium.jpg,Thymus vulgaris
https://inaturalist-open-data.s3.amazonaws.com/photos/68753976/medium.jpeg,Thymus vulgaris
https://static.inaturalist.org/photos/68773500/medium.jpeg,Thymus vulgaris
https://inaturalist-open-data.s3.amazonaws.com/photos/68755406/medium.jpeg,Thymus vulgaris
https://static.inaturalist.org/photos/68779952/medium.jpg,Thymus vulgaris
https://inaturalist-open-data.s3.amazonaws.com/photos/68812516/medium.jpg,Thymus vulgaris
https://static.inaturalist.org/photos/68823239/medium.jpeg,Thymus vulgaris
https://static.inaturalist.org/photos/68987148/medium.jpeg,Thymus vulgaris
https://inaturalist-open-data.s3.amazonaws.com/photos/69079674/medium.jpeg,Thymus vulgaris
https://static.inaturalist.org/photos/69119224/medium.jpeg,Thymus vulgaris
https://inaturalist-open-data.s3.amazonaws.com/photos/69122929/medium.jpeg,Thymus vulgaris
https://static.inaturalist.org/photos/69177587/medium.jpg,Thymus vulgaris
https://inaturalist-open-data.s3.amazonaws.com/photos/69179278/medium.jpg,Thymus vulgaris
https://inaturalist-open-data.s3.amazonaws.com/photos/69236481/medium.jpeg,Thymus vulgaris
https://inaturalist-open-data.s3.amazonaws.com/photos/69258628/medium.jpg,Thymus vulgaris
https://static.inaturalist.org/photos/69527749/medium.jpg,Thymus vulgaris
https://static.inaturalist.org/photos/69560832/medium.jpg,Thymus vulgaris
https://inaturalist-open-data.s3.amazonaws.com/photos/69576965/medium.jpeg,Thymus vulgaris
https://inaturalist-open-data.s3.amazonaws.com/photos/69586860/medium.jpg,Thymus vulgaris
https://inaturalist-open-data.s3.amazonaws.com/photos/69607043/medium.jpg,Thymus vulgaris
https://inaturalist-open-data.s3.amazonaws.com/photos/69627208/medium.jpeg,Thymus vulgaris
https://inaturalist-open-data.s3.amazonaws.com/photos/69656516/medium.jpg,Thymus vulgaris
https://inaturalist-open-data.s3.amazonaws.com/photos/69664226/medium.jpeg,Thymus vulgaris
https://static.inaturalist.org/photos/69781684/medium.jpg,Thymus vulgaris
https://inaturalist-open-data.s3.amazonaws.com/photos/70316854/medium.jpeg,Thymus vulgaris
https://static.inaturalist.org/photos/69975531/medium.jpg,Thymus vulgaris
https://static.inaturalist.org/photos/70014662/medium.jpeg,Thymus vulgaris
https://inaturalist-open-data.s3.amazonaws.com/photos/70057022/medium.jpg,Thymus vulgaris
https://inaturalist-open-data.s3.amazonaws.com/photos/70140617/medium.jpeg,Thymus vulgaris
https://static.inaturalist.org/photos/70202870/medium.jpeg,Thymus vulgaris
https://static.inaturalist.org/photos/70204066/medium.jpg,Thymus vulgaris
https://static.inaturalist.org/photos/70321178/medium.jpg,Thymus vulgaris
https://inaturalist-open-data.s3.amazonaws.com/photos/70861963/medium.jpeg,Thymus vulgaris
https://inaturalist-open-data.s3.amazonaws.com/photos/71227577/medium.jpeg,Thymus vulgaris
https://inaturalist-open-data.s3.amazonaws.com/photos/71283877/medium.jpeg,Thymus vulgaris
https://inaturalist-open-data.s3.amazonaws.com/photos/71289227/medium.jpg,Thymus vulgaris
https://static.inaturalist.org/photos/71440693/medium.jpg,Thymus vulgaris
https://inaturalist-open-data.s3.amazonaws.com/photos/71754577/medium.jpg,Thymus vulgaris
https://inaturalist-open-data.s3.amazonaws.com/photos/71760304/medium.jpg,Thymus vulgaris
https://inaturalist-open-data.s3.amazonaws.com/photos/71914575/medium.jpg,Thymus vulgaris
https://inaturalist-open-data.s3.amazonaws.com/photos/71917324/medium.jpg,Thymus vulgaris
https://inaturalist-open-data.s3.amazonaws.com/photos/72093713/medium.jpeg,Thymus vulgaris
https://inaturalist-open-data.s3.amazonaws.com/photos/72105927/medium.jpeg,Thymus vulgaris
https://inaturalist-open-data.s3.amazonaws.com/photos/72107697/medium.jpg,Thymus vulgaris
https://static.inaturalist.org/photos/72120888/medium.jpg,Thymus vulgaris
https://static.inaturalist.org/photos/72275101/medium.jpeg,Thymus vulgaris
https://static.inaturalist.org/photos/72277031/medium.jpeg,Thymus vulgaris
https://inaturalist-open-data.s3.amazonaws.com/photos/72310746/medium.jpg,Thymus vulgaris
https://inaturalist-open-data.s3.amazonaws.com/photos/72315612/medium.jpg,Thymus vulgaris
https://inaturalist-open-data.s3.amazonaws.com/photos/72331564/medium.jpg,Thymus vulgaris
https://static.inaturalist.org/photos/72424261/medium.jpeg,Thymus vulgaris
https://inaturalist-open-data.s3.amazonaws.com/photos/72434259/medium.jpeg,Thymus vulgaris
https://inaturalist-open-data.s3.amazonaws.com/photos/72462450/medium.jpg,Thymus vulgaris
https://static.inaturalist.org/photos/72882707/medium.jpeg,Thymus vulgaris
https://static.inaturalist.org/photos/72539233/medium.jpg,Thymus vulgaris
https://static.inaturalist.org/photos/72597849/medium.jpg,Thymus vulgaris
https://inaturalist-open-data.s3.amazonaws.com/photos/72664161/medium.jpg,Thymus vulgaris
https://inaturalist-open-data.s3.amazonaws.com/photos/72880577/medium.jpeg,Thymus vulgaris
https://static.inaturalist.org/photos/72905841/medium.jpg,Adela australis
https://static.inaturalist.org/photos/72915418/medium.jpg,Thymus vulgaris
https://inaturalist-open-data.s3.amazonaws.com/photos/73083140/medium.jpg,Thymus vulgaris
https://inaturalist-open-data.s3.amazonaws.com/photos/73282603/medium.jpg,Thymus vulgaris
https://static.inaturalist.org/photos/73304702/medium.jpg,Thymus vulgaris
https://static.inaturalist.org/photos/73435375/medium.jpg,Thymus vulgaris
https://inaturalist-open-data.s3.amazonaws.com/photos/73566718/medium.jpeg,Thymus vulgaris
https://inaturalist-open-data.s3.amazonaws.com/photos/73567679/medium.jpeg,Thymus vulgaris
https://static.inaturalist.org/photos/73885209/medium.jpeg,Thymus vulgaris
https://inaturalist-open-data.s3.amazonaws.com/photos/73972586/medium.jpeg,Thymus vulgaris
https://static.inaturalist.org/photos/73984772/medium.jpeg,Thymus vulgaris
https://static.inaturalist.org/photos/74110093/medium.jpeg,Thymus vulgaris
https://inaturalist-open-data.s3.amazonaws.com/photos/74112402/medium.jpg,Thymus vulgaris
https://static.inaturalist.org/photos/74257158/medium.jpeg,Thymus vulgaris
https://inaturalist-open-data.s3.amazonaws.com/photos/74262290/medium.jpg,Thymus vulgaris
https://static.inaturalist.org/photos/74394174/medium.jpeg,Thymus vulgaris
https://inaturalist-open-data.s3.amazonaws.com/photos/74736794/medium.jpeg,Thymus vulgaris
https://inaturalist-open-data.s3.amazonaws.com/photos/74762663/medium.jpg,Thymus vulgaris
https://inaturalist-open-data.s3.amazonaws.com/photos/75255571/medium.jpeg,Thymus vulgaris
https://inaturalist-open-data.s3.amazonaws.com/photos/75375935/medium.jpeg,Thymus vulgaris
https://static.inaturalist.org/photos/75403373/medium.jpg,Thymus vulgaris
https://static.inaturalist.org/photos/75524743/medium.jpg,Thymus vulgaris
https://inaturalist-open-data.s3.amazonaws.com/photos/75575680/medium.jpg,Thymus vulgaris
https://inaturalist-open-data.s3.amazonaws.com/photos/75729428/medium.jpg,Thymus vulgaris
https://inaturalist-open-data.s3.amazonaws.com/photos/76061177/medium.jpeg,Thymus vulgaris
https://static.inaturalist.org/photos/76099468/medium.jpeg,Thymus vulgaris
https://static.inaturalist.org/photos/76168638/medium.jpg,Thymus vulgaris
https://inaturalist-open-data.s3.amazonaws.com/photos/76330432/medium.jpeg,Thymus vulgaris
https://static.inaturalist.org/photos/76529339/medium.jpg,Thymus vulgaris
https://static.inaturalist.org/photos/76539070/medium.jpeg,Thymus vulgaris
https://inaturalist-open-data.s3.amazonaws.com/photos/76876143/medium.jpeg,Thymus vulgaris
https://inaturalist-open-data.s3.amazonaws.com/photos/77045694/medium.jpg,Thymus vulgaris
https://inaturalist-open-data.s3.amazonaws.com/photos/77135196/medium.jpeg,Thymus vulgaris
https://inaturalist-open-data.s3.amazonaws.com/photos/77171319/medium.jpeg,Thymus vulgaris
https://inaturalist-open-data.s3.amazonaws.com/photos/77377185/medium.jpeg,Thymus vulgaris
https://static.inaturalist.org/photos/77981431/medium.jpeg,Thymus vulgaris
https://inaturalist-open-data.s3.amazonaws.com/photos/77990258/medium.jpg,Thymus vulgaris
https://inaturalist-open-data.s3.amazonaws.com/photos/78132361/medium.jpg,Thymus vulgaris
https://inaturalist-open-data.s3.amazonaws.com/photos/78211226/medium.jpeg,Thymus vulgaris
https://inaturalist-open-data.s3.amazonaws.com/photos/78315596/medium.jpeg,Thymus vulgaris
https://inaturalist-open-data.s3.amazonaws.com/photos/78467389/medium.jpg,Thymus vulgaris
https://static.inaturalist.org/photos/78994616/medium.jpg,Thymus vulgaris
https://inaturalist-open-data.s3.amazonaws.com/photos/79461904/medium.jpeg,Thymus vulgaris
https://inaturalist-open-data.s3.amazonaws.com/photos/79521709/medium.jpg,Thymus vulgaris
https://static.inaturalist.org/photos/80232577/medium.jpg,Thymus vulgaris
https://static.inaturalist.org/photos/80496078/medium.jpg,Thymus vulgaris
https://inaturalist-open-data.s3.amazonaws.com/photos/80623793/medium.jpeg,Thymus vulgaris
https://static.inaturalist.org/photos/80649771/medium.jpeg,Thymus vulgaris
https://inaturalist-open-data.s3.amazonaws.com/photos/80634963/medium.jpeg,Thymus vulgaris
https://static.inaturalist.org/photos/80879589/medium.jpeg,Thymus vulgaris
https://static.inaturalist.org/photos/80964405/medium.jpeg,Thymus vulgaris
https://static.inaturalist.org/photos/81232794/medium.jpg,Thymus vulgaris
https://inaturalist-open-data.s3.amazonaws.com/photos/81360524/medium.jpg,Thymus vulgaris
https://static.inaturalist.org/photos/81634000/medium.jpeg,Thymus vulgaris
https://inaturalist-open-data.s3.amazonaws.com/photos/81781946/medium.jpeg,Thymus vulgaris
https://static.inaturalist.org/photos/82876928/medium.jpeg,Thymus vulgaris
https://static.inaturalist.org/photos/83308113/medium.jpg,Thymus vulgaris
https://static.inaturalist.org/photos/83789748/medium.jpg,Thymus vulgaris
https://inaturalist-open-data.s3.amazonaws.com/photos/83952963/medium.jpeg,Thymus vulgaris
https://inaturalist-open-data.s3.amazonaws.com/photos/84346548/medium.jpeg,Thymus vulgaris
https://inaturalist-open-data.s3.amazonaws.com/photos/84363102/medium.jpg,Thymus vulgaris
https://static.inaturalist.org/photos/84908728/medium.jpeg,Thymus vulgaris
https://inaturalist-open-data.s3.amazonaws.com/photos/85461276/medium.jpg,Thymus vulgaris
https://inaturalist-open-data.s3.amazonaws.com/photos/85701354/medium.jpg,Halictus rubicundus
https://static.inaturalist.org/photos/85829811/medium.jpeg,Thymus vulgaris
https://static.inaturalist.org/photos/86369793/medium.jpeg,Thymus vulgaris
https://inaturalist-open-data.s3.amazonaws.com/photos/87578467/medium.jpg,Thymus vulgaris
https://inaturalist-open-data.s3.amazonaws.com/photos/87578496/medium.jpg,Thymus vulgaris
https://inaturalist-open-data.s3.amazonaws.com/photos/87680456/medium.jpeg,Thymus vulgaris
https://static.inaturalist.org/photos/88293839/medium.jpeg,Thymus vulgaris
https://inaturalist-open-data.s3.amazonaws.com/photos/88514416/medium.jpeg,Thymus vulgaris
https://inaturalist-open-data.s3.amazonaws.com/photos/88529976/medium.jpeg,Thymus vulgaris
https://inaturalist-open-data.s3.amazonaws.com/photos/88918447/medium.jpg,Thymus vulgaris
https://inaturalist-open-data.s3.amazonaws.com/photos/89276453/medium.jpeg,Thymus vulgaris
https://static.inaturalist.org/photos/89411194/medium.jpg,Thymus vulgaris
https://inaturalist-open-data.s3.amazonaws.com/photos/89550103/medium.jpeg,Nepetoideae
https://static.inaturalist.org/photos/89799827/medium.jpg,Thymus vulgaris
https://static.inaturalist.org/photos/90533256/medium.jpg,Thymus vulgaris
https://static.inaturalist.org/photos/90642000/medium.jpg,Thymus vulgaris
https://static.inaturalist.org/photos/90716801/medium.jpg,Thymus vulgaris
https://inaturalist-open-data.s3.amazonaws.com/photos/91593823/medium.jpeg,Thymus vulgaris
https://inaturalist-open-data.s3.amazonaws.com/photos/91700521/medium.jpeg,Thymus vulgaris
https://inaturalist-open-data.s3.amazonaws.com/photos/91701071/medium.jpeg,Thymus vulgaris
https://inaturalist-open-data.s3.amazonaws.com/photos/92213786/medium.jpg,Thymus vulgaris
https://inaturalist-open-data.s3.amazonaws.com/photos/92440502/medium.jpg,Thymus vulgaris
https://inaturalist-open-data.s3.amazonaws.com/photos/93106392/medium.jpg,Thymus vulgaris
https://inaturalist-open-data.s3.amazonaws.com/photos/93172787/medium.jpg,Thymus vulgaris
https://inaturalist-open-data.s3.amazonaws.com/photos/93427184/medium.jpg,Thymus vulgaris
https://inaturalist-open-data.s3.amazonaws.com/photos/93498932/medium.jpeg,Thymus vulgaris
https://inaturalist-open-data.s3.amazonaws.com/photos/93845972/medium.jpg,Thymus vulgaris
https://static.inaturalist.org/photos/94612230/medium.jpeg,Thymus vulgaris
https://inaturalist-open-data.s3.amazonaws.com/photos/94642417/medium.jpg,Thymus vulgaris
https://static.inaturalist.org/photos/94650572/medium.jpeg,Enallagma cyathigerum
https://inaturalist-open-data.s3.amazonaws.com/photos/95298787/medium.jpeg,Thymus vulgaris
https://inaturalist-open-data.s3.amazonaws.com/photos/96032644/medium.jpg,Thymus vulgaris
https://inaturalist-open-data.s3.amazonaws.com/photos/97474304/medium.jpeg,Thymus vulgaris
https://static.inaturalist.org/photos/97779078/medium.jpeg,Thymus vulgaris
https://static.inaturalist.org/photos/97998098/medium.jpeg,Thymus vulgaris
https://inaturalist-open-data.s3.amazonaws.com/photos/98394898/medium.jpg,Thymus vulgaris
https://inaturalist-open-data.s3.amazonaws.com/photos/98440909/medium.jpg,Thymus vulgaris
https://static.inaturalist.org/photos/98475566/medium.jpg,Thymus vulgaris
https://inaturalist-open-data.s3.amazonaws.com/photos/99177925/medium.jpg,Thymus vulgaris
https://static.inaturalist.org/photos/99547566/medium.jpg,Thymus vulgaris
https://inaturalist-open-data.s3.amazonaws.com/photos/99680181/medium.jpg,Thymus vulgaris
https://static.inaturalist.org/photos/99774607/medium.jpg,Thymus vulgaris
https://inaturalist-open-data.s3.amazonaws.com/photos/100006609/medium.jpeg,Thymus vulgaris
https://static.inaturalist.org/photos/100267480/medium.jpg,Thymus vulgaris
https://static.inaturalist.org/photos/100360679/medium.jpeg,Thymus vulgaris
https://static.inaturalist.org/photos/100361383/medium.jpeg,Thymus vulgaris
https://static.inaturalist.org/photos/100637643/medium.jpeg,Thymus vulgaris
https://static.inaturalist.org/photos/100701055/medium.jpeg,Thymus vulgaris
https://inaturalist-open-data.s3.amazonaws.com/photos/100729445/medium.jpeg,Thymus vulgaris
https://static.inaturalist.org/photos/100871456/medium.jpeg,Thymus vulgaris
https://static.inaturalist.org/photos/100887863/medium.jpeg,Thymus vulgaris
https://inaturalist-open-data.s3.amazonaws.com/photos/100952791/medium.jpg,Thymus vulgaris
https://inaturalist-open-data.s3.amazonaws.com/photos/101027046/medium.jpeg,Thymus vulgaris
https://static.inaturalist.org/photos/101751795/medium.jpg,Thymus vulgaris
https://inaturalist-open-data.s3.amazonaws.com/photos/101786689/medium.jpeg,Thymus vulgaris
https://inaturalist-open-data.s3.amazonaws.com/photos/101786783/medium.jpeg,Thymus vulgaris
https://static.inaturalist.org/photos/101843760/medium.jpeg,Thymus vulgaris
https://static.inaturalist.org/photos/102083115/medium.jpeg,Thymus vulgaris
https://static.inaturalist.org/photos/102787599/medium.jpeg,Thymus vulgaris
https://inaturalist-open-data.s3.amazonaws.com/photos/103600623/medium.jpg,Phengaris arion
https://static.inaturalist.org/photos/104227630/medium.jpeg,Thymus vulgaris
https://inaturalist-open-data.s3.amazonaws.com/photos/104313676/medium.jpg,Thymus vulgaris
https://inaturalist-open-data.s3.amazonaws.com/photos/104322751/medium.jpg,Thymus vulgaris
https://inaturalist-open-data.s3.amazonaws.com/photos/104327126/medium.jpg,Thymus vulgaris
https://inaturalist-open-data.s3.amazonaws.com/photos/104330044/medium.jpg,Thymus vulgaris
https://inaturalist-open-data.s3.amazonaws.com/photos/104330291/medium.jpg,Thymus vulgaris
https://inaturalist-open-data.s3.amazonaws.com/photos/104337954/medium.jpeg,Thymus vulgaris
https://inaturalist-open-data.s3.amazonaws.com/photos/104401400/medium.jpg,Thymus vulgaris
https://inaturalist-open-data.s3.amazonaws.com/photos/104448195/medium.jpg,Thymus vulgaris
https://static.inaturalist.org/photos/104491637/medium.jpeg,Thymus vulgaris
https://inaturalist-open-data.s3.amazonaws.com/photos/104501409/medium.jpg,Thymus vulgaris
https://inaturalist-open-data.s3.amazonaws.com/photos/104661810/medium.jpeg,Thymus vulgaris
https://inaturalist-open-data.s3.amazonaws.com/photos/104755955/medium.jpeg,Thymus vulgaris
https://inaturalist-open-data.s3.amazonaws.com/photos/105106572/medium.jpeg,Thymus vulgaris
https://static.inaturalist.org/photos/105141092/medium.jpeg,Thymus vulgaris
https://inaturalist-open-data.s3.amazonaws.com/photos/105167704/medium.jpeg,Thymus vulgaris
https://static.inaturalist.org/photos/105578729/medium.jpg,Thymus vulgaris
https://inaturalist-open-data.s3.amazonaws.com/photos/105686287/medium.jpeg,Thymus vulgaris
https://inaturalist-open-data.s3.amazonaws.com/photos/105765721/medium.jpg,Thymus vulgaris
https://static.inaturalist.org/photos/105999435/medium.jpg,Thymus vulgaris
https://inaturalist-open-data.s3.amazonaws.com/photos/106048717/medium.jpg,Thymus vulgaris
https://inaturalist-open-data.s3.amazonaws.com/photos/106143766/medium.jpg,Thymus vulgaris
https://inaturalist-open-data.s3.amazonaws.com/photos/106942099/medium.jpeg,Thymus vulgaris
https://inaturalist-open-data.s3.amazonaws.com/photos/107101024/medium.jpeg,Thymus vulgaris
https://static.inaturalist.org/photos/107243579/medium.jpeg,Thymus vulgaris
https://inaturalist-open-data.s3.amazonaws.com/photos/107283631/medium.jpg,Thymus vulgaris
https://static.inaturalist.org/photos/107495770/medium.jpeg,Thymus vulgaris
https://inaturalist-open-data.s3.amazonaws.com/photos/107605611/medium.jpg,Thymus vulgaris
https://inaturalist-open-data.s3.amazonaws.com/photos/107572964/medium.jpg,Thymus vulgaris
https://inaturalist-open-data.s3.amazonaws.com/photos/107641718/medium.jpeg,Thymus vulgaris
https://inaturalist-open-data.s3.amazonaws.com/photos/107670177/medium.jpeg,Thymus vulgaris
https://static.inaturalist.org/photos/108021380/medium.jpg,Thymus vulgaris
https://inaturalist-open-data.s3.amazonaws.com/photos/108316259/medium.jpg,Thymus vulgaris
https://static.inaturalist.org/photos/108484626/medium.jpg,Thymus vulgaris
https://static.inaturalist.org/photos/108699996/medium.jpeg,Thymus vulgaris
https://static.inaturalist.org/photos/108812549/medium.jpg,Thymus vulgaris
https://static.inaturalist.org/photos/109008603/medium.jpeg,Thymus vulgaris
https://static.inaturalist.org/photos/109043950/medium.jpg,Thymus vulgaris
https://inaturalist-open-data.s3.amazonaws.com/photos/109313380/medium.jpeg,Thymus vulgaris
https://inaturalist-open-data.s3.amazonaws.com/photos/109748905/medium.jpeg,Thymus vulgaris
https://inaturalist-open-data.s3.amazonaws.com/photos/110525779/medium.jpg,Thymus vulgaris
https://inaturalist-open-data.s3.amazonaws.com/photos/110845985/medium.jpeg,Thymus vulgaris
https://inaturalist-open-data.s3.amazonaws.com/photos/110904484/medium.jpg,Thymus vulgaris
https://inaturalist-open-data.s3.amazonaws.com/photos/111344007/medium.jpeg,Thymus vulgaris
https://static.inaturalist.org/photos/111871641/medium.jpg,Thymus vulgaris
https://inaturalist-open-data.s3.amazonaws.com/photos/111930562/medium.jpeg,Thymus vulgaris
https://static.inaturalist.org/photos/112427350/medium.jpg,Thymus vulgaris
https://inaturalist-open-data.s3.amazonaws.com/photos/112437701/medium.jpeg,Thymus vulgaris
https://static.inaturalist.org/photos/112903938/medium.jpeg,Thymus vulgaris
https://inaturalist-open-data.s3.amazonaws.com/photos/113379679/medium.jpeg,Thymus vulgaris
https://static.inaturalist.org/photos/113449201/medium.jpeg,Thymus vulgaris
https://inaturalist-open-data.s3.amazonaws.com/photos/113455909/medium.jpg,Thymus vulgaris
https://static.inaturalist.org/photos/113471409/medium.jpg,Thymus vulgaris
https://static.inaturalist.org/photos/113471543/medium.jpg,Thymus vulgaris
https://static.inaturalist.org/photos/113472300/medium.jpg,Thymus vulgaris
https://inaturalist-open-data.s3.amazonaws.com/photos/113491383/medium.jpeg,Thymus vulgaris
https://inaturalist-open-data.s3.amazonaws.com/photos/113577778/medium.jpeg,Thymus vulgaris
https://static.inaturalist.org/photos/113586561/medium.jpeg,Thymus vulgaris
https://static.inaturalist.org/photos/113590496/medium.jpg,Thymus vulgaris vulgaris
https://static.inaturalist.org/photos/113596505/medium.jpeg,Thymus vulgaris
https://inaturalist-open-data.s3.amazonaws.com/photos/114069244/medium.jpg,Thymus vulgaris vulgaris
https://static.inaturalist.org/photos/114094144/medium.jpg,Thymus vulgaris
https://static.inaturalist.org/photos/114313676/medium.jpeg,Thymus vulgaris
https://inaturalist-open-data.s3.amazonaws.com/photos/114414509/medium.jpg,Thymus vulgaris
https://inaturalist-open-data.s3.amazonaws.com/photos/115289518/medium.jpg,Thymus vulgaris
https://inaturalist-open-data.s3.amazonaws.com/photos/114752379/medium.jpeg,Thymus vulgaris
https://static.inaturalist.org/photos/114942585/medium.jpeg,Thymus vulgaris
https://static.inaturalist.org/photos/115036009/medium.jpg,Thymus vulgaris
https://inaturalist-open-data.s3.amazonaws.com/photos/115040886/medium.jpeg,Thymus vulgaris
https://inaturalist-open-data.s3.amazonaws.com/photos/115096742/medium.jpg,Thymus vulgaris
https://static.inaturalist.org/photos/115305691/medium.jpg,Thymus vulgaris
https://static.inaturalist.org/photos/115308348/medium.jpg,Thymus vulgaris
https://inaturalist-open-data.s3.amazonaws.com/photos/115514490/medium.jpeg,Thymus vulgaris
https://inaturalist-open-data.s3.amazonaws.com/photos/115661784/medium.jpeg,Thymus vulgaris
https://inaturalist-open-data.s3.amazonaws.com/photos/115661864/medium.jpeg,Thymus vulgaris
https://inaturalist-open-data.s3.amazonaws.com/photos/115779094/medium.jpeg,Thymus vulgaris
https://inaturalist-open-data.s3.amazonaws.com/photos/115870282/medium.jpg,Thymus vulgaris
https://inaturalist-open-data.s3.amazonaws.com/photos/115893415/medium.jpeg,Thymus vulgaris
https://inaturalist-open-data.s3.amazonaws.com/photos/115897058/medium.jpeg,Thymus vulgaris
https://inaturalist-open-data.s3.amazonaws.com/photos/115909746/medium.jpg,Thymus vulgaris
https://inaturalist-open-data.s3.amazonaws.com/photos/115948493/medium.jpg,Thymus vulgaris
https://inaturalist-open-data.s3.amazonaws.com/photos/115960665/medium.jpg,Thymus vulgaris
https://static.inaturalist.org/photos/116164765/medium.jpeg,Thymus vulgaris
https://static.inaturalist.org/photos/116499171/medium.jpeg,Thymus vulgaris
https://inaturalist-open-data.s3.amazonaws.com/photos/116499500/medium.jpeg,Thymus vulgaris
https://inaturalist-open-data.s3.amazonaws.com/photos/116500861/medium.jpeg,Thymus vulgaris
https://inaturalist-open-data.s3.amazonaws.com/photos/116776338/medium.jpeg,Thymus vulgaris
https://static.inaturalist.org/photos/117064360/medium.jpg,Thymus vulgaris
https://inaturalist-open-data.s3.amazonaws.com/photos/117096901/medium.jpeg,Thymus vulgaris
https://inaturalist-open-data.s3.amazonaws.com/photos/117207271/medium.jpeg,Thymus vulgaris
https://static.inaturalist.org/photos/117211235/medium.jpeg,Thymus vulgaris
https://inaturalist-open-data.s3.amazonaws.com/photos/117258098/medium.jpeg,Thymus vulgaris
https://inaturalist-open-data.s3.amazonaws.com/photos/117365879/medium.jpeg,Thymus vulgaris
https://static.inaturalist.org/photos/117475714/medium.jpeg,Thymus vulgaris
https://inaturalist-open-data.s3.amazonaws.com/photos/117590596/medium.jpeg,Thymus vulgaris
https://inaturalist-open-data.s3.amazonaws.com/photos/117596485/medium.jpeg,Thymus vulgaris
https://static.inaturalist.org/photos/117688565/medium.jpg,Thymus vulgaris
https://static.inaturalist.org/photos/117767883/medium.jpeg,Thymus vulgaris
https://inaturalist-open-data.s3.amazonaws.com/photos/117774612/medium.jpeg,Thymus vulgaris
https://static.inaturalist.org/photos/117781319/medium.jpeg,Thymus vulgaris
https://inaturalist-open-data.s3.amazonaws.com/photos/117783893/medium.jpg,Thymus vulgaris
https://static.inaturalist.org/photos/117802915/medium.jpeg,Thymus vulgaris
https://inaturalist-open-data.s3.amazonaws.com/photos/118151522/medium.jpeg,Thymus vulgaris vulgaris
https://inaturalist-open-data.s3.amazonaws.com/photos/118239926/medium.jpg,Thymus vulgaris
https://inaturalist-open-data.s3.amazonaws.com/photos/118300306/medium.jpeg,Thymus vulgaris
https://static.inaturalist.org/photos/118328022/medium.jpg,Thymus vulgaris
https://static.inaturalist.org/photos/118392864/medium.jpeg,Thymus vulgaris
https://static.inaturalist.org/photos/118437940/medium.jpg,Thymus vulgaris
https://inaturalist-open-data.s3.amazonaws.com/photos/118531771/medium.jpeg,Thymus vulgaris
https://inaturalist-open-data.s3.amazonaws.com/photos/118556112/medium.jpeg,Thymus vulgaris
https://static.inaturalist.org/photos/118581588/medium.jpeg,Thymus vulgaris
https://static.inaturalist.org/photos/118582018/medium.jpeg,Thymus vulgaris
https://static.inaturalist.org/photos/118582738/medium.jpeg,Thymus vulgaris
https://static.inaturalist.org/photos/118583881/medium.jpeg,Thymus vulgaris
https://inaturalist-open-data.s3.amazonaws.com/photos/118719204/medium.jpeg,Thymus vulgaris
https://static.inaturalist.org/photos/118721160/medium.jpeg,Thymus vulgaris
https://inaturalist-open-data.s3.amazonaws.com/photos/118753361/medium.jpg,Thymus vulgaris
https://inaturalist-open-data.s3.amazonaws.com/photos/118917475/medium.jpg,Thymus vulgaris
https://static.inaturalist.org/photos/118929476/medium.jpg,Thymus vulgaris
https://inaturalist-open-data.s3.amazonaws.com/photos/118998363/medium.jpeg,Thymus vulgaris
https://static.inaturalist.org/photos/119162422/medium.jpeg,Thymus vulgaris
https://inaturalist-open-data.s3.amazonaws.com/photos/119164565/medium.jpeg,Thymus vulgaris
https://inaturalist-open-data.s3.amazonaws.com/photos/120219610/medium.jpeg,Thymus vulgaris
https://inaturalist-open-data.s3.amazonaws.com/photos/119637382/medium.jpg,Thymus vulgaris
https://static.inaturalist.org/photos/119666762/medium.jpeg,Thymus vulgaris
https://inaturalist-open-data.s3.amazonaws.com/photos/119813753/medium.jpeg,Thymus vulgaris
https://static.inaturalist.org/photos/119849084/medium.jpg,Thymus vulgaris
https://static.inaturalist.org/photos/119850279/medium.jpg,Thymus vulgaris
https://inaturalist-open-data.s3.amazonaws.com/photos/119884669/medium.jpeg,Thymus vulgaris
https://static.inaturalist.org/photos/120177986/medium.jpeg,Thymus vulgaris
https://inaturalist-open-data.s3.amazonaws.com/photos/120488907/medium.jpeg,Thymus vulgaris
https://static.inaturalist.org/photos/120593384/medium.jpeg,Thymus vulgaris
https://inaturalist-open-data.s3.amazonaws.com/photos/120661875/medium.jpeg,Thymus vulgaris
https://inaturalist-open-data.s3.amazonaws.com/photos/121115173/medium.jpeg,Thymus vulgaris
https://static.inaturalist.org/photos/121130508/medium.jpeg,Thymus vulgaris
https://inaturalist-open-data.s3.amazonaws.com/photos/121208673/medium.jpg,Thymus vulgaris
https://inaturalist-open-data.s3.amazonaws.com/photos/121217196/medium.jpg,Thymus vulgaris
https://inaturalist-open-data.s3.amazonaws.com/photos/121224137/medium.jpg,Thymus vulgaris
https://inaturalist-open-data.s3.amazonaws.com/photos/121288872/medium.jpg,Thymus vulgaris
https://inaturalist-open-data.s3.amazonaws.com/photos/121309148/medium.jpg,Thymus vulgaris
https://inaturalist-open-data.s3.amazonaws.com/photos/121352093/medium.jpg,Thymus vulgaris
https://inaturalist-open-data.s3.amazonaws.com/photos/121547246/medium.jpg,Thymus vulgaris
https://static.inaturalist.org/photos/121551044/medium.jpg,Thymus vulgaris
https://inaturalist-open-data.s3.amazonaws.com/photos/121556539/medium.jpeg,Thymus vulgaris
https://inaturalist-open-data.s3.amazonaws.com/photos/121585749/medium.jpeg,Thymus vulgaris
https://inaturalist-open-data.s3.amazonaws.com/photos/122355428/medium.jpg,Thymus vulgaris
https://static.inaturalist.org/photos/122539257/medium.jpeg,Thymus vulgaris
https://static.inaturalist.org/photos/122539290/medium.jpeg,Thymus vulgaris
https://static.inaturalist.org/photos/122729313/medium.jpeg,Thymus vulgaris
https://inaturalist-open-data.s3.amazonaws.com/photos/122738190/medium.jpg,Thymus vulgaris
https://inaturalist-open-data.s3.amazonaws.com/photos/122984137/medium.jpeg,Thymus vulgaris
https://static.inaturalist.org/photos/123227376/medium.jpeg,Thymus vulgaris
https://inaturalist-open-data.s3.amazonaws.com/photos/123238185/medium.jpeg,Thymus vulgaris
https://static.inaturalist.org/photos/123361547/medium.jpeg,Thymus vulgaris
https://inaturalist-open-data.s3.amazonaws.com/photos/123471973/medium.jpeg,Thymus vulgaris
https://inaturalist-open-data.s3.amazonaws.com/photos/123598108/medium.jpeg,Thymus vulgaris
https://inaturalist-open-data.s3.amazonaws.com/photos/123779645/medium.jpg,Thymus vulgaris
https://inaturalist-open-data.s3.amazonaws.com/photos/123779788/medium.jpg,Thymus vulgaris
https://static.inaturalist.org/photos/123796323/medium.jpeg,Thymus vulgaris
https://static.inaturalist.org/photos/123824504/medium.jpg,Thymus vulgaris
https://inaturalist-open-data.s3.amazonaws.com/photos/123859342/medium.jpeg,Thymus vulgaris
https://static.inaturalist.org/photos/123995372/medium.jpeg,Thymus vulgaris
https://inaturalist-open-data.s3.amazonaws.com/photos/124006143/medium.jpeg,Thymus vulgaris
https://static.inaturalist.org/photos/124045910/medium.jpeg,Thymus vulgaris
https://inaturalist-open-data.s3.amazonaws.com/photos/124196714/medium.jpeg,Thymus vulgaris
https://inaturalist-open-data.s3.amazonaws.com/photos/124480788/medium.jpeg,Thymus vulgaris
https://static.inaturalist.org/photos/124491840/medium.jpeg,Thymus vulgaris
https://static.inaturalist.org/photos/124495048/medium.jpeg,Thymus vulgaris
https://inaturalist-open-data.s3.amazonaws.com/photos/124497623/medium.jpg,Thymus vulgaris
https://static.inaturalist.org/photos/124505812/medium.jpeg,Thymus vulgaris
https://static.inaturalist.org/photos/124517456/medium.jpeg,Thymus vulgaris
https://inaturalist-open-data.s3.amazonaws.com/photos/124706959/medium.jpeg,Thymus vulgaris
https://static.inaturalist.org/photos/124716770/medium.jpg,Thymus vulgaris
https://inaturalist-open-data.s3.amazonaws.com/photos/125069531/medium.jpg,Thymus vulgaris
https://static.inaturalist.org/photos/125085990/medium.jpeg,Thymus vulgaris
https://inaturalist-open-data.s3.amazonaws.com/photos/125086057/medium.jpeg,Thymus vulgaris
https://static.inaturalist.org/photos/125223757/medium.jpeg,Thymus vulgaris
https://static.inaturalist.org/photos/125360438/medium.jpeg,Thymus vulgaris
https://inaturalist-open-data.s3.amazonaws.com/photos/125493577/medium.jpeg,Thymus vulgaris
https://static.inaturalist.org/photos/125452953/medium.jpg,Thymus vulgaris
https://inaturalist-open-data.s3.amazonaws.com/photos/125737715/medium.jpeg,Thymus vulgaris
https://static.inaturalist.org/photos/125738180/medium.jpeg,Thymus vulgaris
https://inaturalist-open-data.s3.amazonaws.com/photos/125745894/medium.jpeg,Thymus vulgaris
https://static.inaturalist.org/photos/125906733/medium.jpeg,Thymus vulgaris
https://static.inaturalist.org/photos/125965080/medium.jpeg,Thymus vulgaris
https://static.inaturalist.org/photos/126069785/medium.jpeg,Thymus vulgaris
https://inaturalist-open-data.s3.amazonaws.com/photos/126484901/medium.jpg,Thymus vulgaris
https://inaturalist-open-data.s3.amazonaws.com/photos/126485894/medium.jpg,Thymus vulgaris
https://inaturalist-open-data.s3.amazonaws.com/photos/126486418/medium.jpg,Thymus vulgaris
https://inaturalist-open-data.s3.amazonaws.com/photos/126690538/medium.jpeg,Thymus vulgaris
https://inaturalist-open-data.s3.amazonaws.com/photos/126926787/medium.jpeg,Thymus vulgaris
https://static.inaturalist.org/photos/127151921/medium.jpeg,Thymus vulgaris
https://inaturalist-open-data.s3.amazonaws.com/photos/127174171/medium.jpeg,Thymus vulgaris
https://inaturalist-open-data.s3.amazonaws.com/photos/127372230/medium.jpeg,Thymus vulgaris
https://static.inaturalist.org/photos/127373679/medium.jpeg,Thymus vulgaris
https://inaturalist-open-data.s3.amazonaws.com/photos/127510772/medium.jpeg,Thymus vulgaris
https://inaturalist-open-data.s3.amazonaws.com/photos/127647072/medium.jpeg,Thymus vulgaris
https://static.inaturalist.org/photos/127655172/medium.jpg,Thymus vulgaris
https://inaturalist-open-data.s3.amazonaws.com/photos/127716476/medium.jpeg,Thymus vulgaris
https://inaturalist-open-data.s3.amazonaws.com/photos/127785065/medium.jpg,Thymus vulgaris
https://inaturalist-open-data.s3.amazonaws.com/photos/128018391/medium.jpeg,Thymus vulgaris
https://static.inaturalist.org/photos/128167522/medium.jpeg,Thymus vulgaris
https://static.inaturalist.org/photos/128190675/medium.jpeg,Thymus vulgaris
https://inaturalist-open-data.s3.amazonaws.com/photos/128364490/medium.jpg,Thymus vulgaris
https://inaturalist-open-data.s3.amazonaws.com/photos/128409422/medium.jpg,Thymus vulgaris
https://inaturalist-open-data.s3.amazonaws.com/photos/128476436/medium.jpg,Thymus vulgaris
https://inaturalist-open-data.s3.amazonaws.com/photos/128512186/medium.jpg,Thymus vulgaris
https://static.inaturalist.org/photos/128570674/medium.jpeg,Thymus vulgaris
https://inaturalist-open-data.s3.amazonaws.com/photos/128576036/medium.jpeg,Thymus vulgaris
https://inaturalist-open-data.s3.amazonaws.com/photos/128589026/medium.jpeg,Thymus vulgaris
https://inaturalist-open-data.s3.amazonaws.com/photos/128605814/medium.jpg,Thymus vulgaris
https://inaturalist-open-data.s3.amazonaws.com/photos/128683571/medium.jpg,Thymus vulgaris
https://inaturalist-open-data.s3.amazonaws.com/photos/128782302/medium.jpeg,Thymus vulgaris
https://inaturalist-open-data.s3.amazonaws.com/photos/128798635/medium.jpeg,Thymus vulgaris
https://inaturalist-open-data.s3.amazonaws.com/photos/128808644/medium.jpeg,Thymus vulgaris
https://inaturalist-open-data.s3.amazonaws.com/photos/128810605/medium.jpeg,Thymus vulgaris
https://inaturalist-open-data.s3.amazonaws.com/photos/128863456/medium.jpeg,Thymus vulgaris
https://static.inaturalist.org/photos/128915078/medium.jpeg,Thymus vulgaris
https://static.inaturalist.org/photos/129021264/medium.jpg,Thymus vulgaris
https://inaturalist-open-data.s3.amazonaws.com/photos/129394549/medium.jpeg,Thymus vulgaris
https://inaturalist-open-data.s3.amazonaws.com/photos/129459485/medium.jpg,Thymus vulgaris
https://inaturalist-open-data.s3.amazonaws.com/photos/129427098/medium.jpeg,Thymus vulgaris
https://inaturalist-open-data.s3.amazonaws.com/photos/129428011/medium.jpeg,Thymus vulgaris
https://inaturalist-open-data.s3.amazonaws.com/photos/129656326/medium.jpeg,Thymus vulgaris
https://static.inaturalist.org/photos/129755172/medium.jpg,Thymus vulgaris
https://static.inaturalist.org/photos/129997218/medium.jpg,Thymus vulgaris
https://inaturalist-open-data.s3.amazonaws.com/photos/130415263/medium.jpeg,Thymus vulgaris vulgaris
https://static.inaturalist.org/photos/130437607/medium.jpeg,Thymus vulgaris
https://static.inaturalist.org/photos/130473119/medium.jpeg,Thymus vulgaris
https://inaturalist-open-data.s3.amazonaws.com/photos/130487715/medium.jpeg,Thymus vulgaris
https://static.inaturalist.org/photos/130492107/medium.jpeg,Thymus vulgaris
https://inaturalist-open-data.s3.amazonaws.com/photos/130508047/medium.jpg,Thymus vulgaris
https://inaturalist-open-data.s3.amazonaws.com/photos/130509622/medium.jpeg,Thymus vulgaris
https://static.inaturalist.org/photos/130532527/medium.jpg,Thymus vulgaris
https://inaturalist-open-data.s3.amazonaws.com/photos/130641089/medium.jpeg,Thymus vulgaris
https://static.inaturalist.org/photos/130641628/medium.jpeg,Thymus vulgaris
https://inaturalist-open-data.s3.amazonaws.com/photos/130643020/medium.jpg,Thymus vulgaris
https://inaturalist-open-data.s3.amazonaws.com/photos/130662975/medium.jpeg,Thymus vulgaris aestivus
https://static.inaturalist.org/photos/130728446/medium.jpeg,Thymus vulgaris
https://static.inaturalist.org/photos/130734411/medium.jpeg,Thymus vulgaris
https://inaturalist-open-data.s3.amazonaws.com/photos/130734468/medium.jpeg,Thymus vulgaris
https://inaturalist-open-data.s3.amazonaws.com/photos/130735068/medium.jpeg,Thymus vulgaris
https://static.inaturalist.org/photos/130763262/medium.jpeg,Thymus vulgaris
https://inaturalist-open-data.s3.amazonaws.com/photos/130807222/medium.jpeg,Thymus vulgaris
https://inaturalist-open-data.s3.amazonaws.com/photos/130825227/medium.jpeg,Thymus vulgaris
https://inaturalist-open-data.s3.amazonaws.com/photos/130916873/medium.jpeg,Thymus vulgaris
https://static.inaturalist.org/photos/130917436/medium.jpg,Thymus vulgaris
https://static.inaturalist.org/photos/130919806/medium.jpeg,Thymus vulgaris
https://inaturalist-open-data.s3.amazonaws.com/photos/130923956/medium.jpeg,Thymus vulgaris
https://inaturalist-open-data.s3.amazonaws.com/photos/130925649/medium.jpeg,Thymus vulgaris
https://inaturalist-open-data.s3.amazonaws.com/photos/130927810/medium.jpeg,Thymus vulgaris
https://inaturalist-open-data.s3.amazonaws.com/photos/130934111/medium.jpeg,Thymus vulgaris
https://static.inaturalist.org/photos/130939914/medium.jpeg,Thymus vulgaris
https://inaturalist-open-data.s3.amazonaws.com/photos/130936490/medium.jpeg,Thymus vulgaris
https://inaturalist-open-data.s3.amazonaws.com/photos/130945380/medium.jpeg,Thymus vulgaris
https://inaturalist-open-data.s3.amazonaws.com/photos/130955190/medium.jpeg,Thymus vulgaris
https://static.inaturalist.org/photos/130970111/medium.jpeg,Thymus vulgaris
https://static.inaturalist.org/photos/130983391/medium.jpeg,Thymus vulgaris
https://static.inaturalist.org/photos/131001097/medium.jpeg,Thymus vulgaris
https://static.inaturalist.org/photos/131002846/medium.jpeg,Thymus vulgaris
https://static.inaturalist.org/photos/131023295/medium.jpg,Thymus vulgaris
https://inaturalist-open-data.s3.amazonaws.com/photos/131024967/medium.jpeg,Thymus vulgaris
https://static.inaturalist.org/photos/131035441/medium.jpeg,Thymus vulgaris
https://static.inaturalist.org/photos/131047889/medium.jpeg,Thymus vulgaris
https://static.inaturalist.org/photos/131055716/medium.jpg,Thymus vulgaris
https://static.inaturalist.org/photos/131060487/medium.jpeg,Thymus vulgaris
https://inaturalist-open-data.s3.amazonaws.com/photos/131072514/medium.jpeg,Thymus vulgaris
https://static.inaturalist.org/photos/131073529/medium.jpg,Thymus vulgaris vulgaris
https://inaturalist-open-data.s3.amazonaws.com/photos/131082680/medium.jpeg,Thymus vulgaris
https://static.inaturalist.org/photos/131195598/medium.jpg,Thymus vulgaris
https://static.inaturalist.org/photos/131195634/medium.jpg,Thymus vulgaris
https://static.inaturalist.org/photos/131219971/medium.jpeg,Thymus vulgaris
https://inaturalist-open-data.s3.amazonaws.com/photos/131226459/medium.jpeg,Thymus vulgaris
https://static.inaturalist.org/photos/131231218/medium.jpg,Thymus vulgaris
https://static.inaturalist.org/photos/131232673/medium.jpg,Thymus vulgaris
https://inaturalist-open-data.s3.amazonaws.com/photos/131229885/medium.jpg,Thymus vulgaris
https://inaturalist-open-data.s3.amazonaws.com/photos/131231073/medium.jpg,Thymus vulgaris
https://inaturalist-open-data.s3.amazonaws.com/photos/131234401/medium.jpg,Thymus vulgaris
https://inaturalist-open-data.s3.amazonaws.com/photos/131253702/medium.jpeg,Thymus vulgaris
https://inaturalist-open-data.s3.amazonaws.com/photos/131274256/medium.jpeg,Thymus vulgaris
https://inaturalist-open-data.s3.amazonaws.com/photos/131470311/medium.jpeg,Thymus vulgaris
https://inaturalist-open-data.s3.amazonaws.com/photos/131662581/medium.jpeg,Thymus vulgaris
https://inaturalist-open-data.s3.amazonaws.com/photos/131751036/medium.jpeg,Thymus vulgaris
https://inaturalist-open-data.s3.amazonaws.com/photos/131881735/medium.jpg,Thymus vulgaris
https://static.inaturalist.org/photos/131955128/medium.jpeg,Thymus vulgaris
https://static.inaturalist.org/photos/132363726/medium.jpeg,Thymus vulgaris
https://inaturalist-open-data.s3.amazonaws.com/photos/132609261/medium.jpeg,Thymus vulgaris
https://inaturalist-open-data.s3.amazonaws.com/photos/132935297/medium.jpg,Thymus vulgaris
https://inaturalist-open-data.s3.amazonaws.com/photos/133086962/medium.jpeg,Thymus vulgaris
https://inaturalist-open-data.s3.amazonaws.com/photos/133521118/medium.jpg,Thymus vulgaris
https://inaturalist-open-data.s3.amazonaws.com/photos/133836332/medium.jpeg,Thymus vulgaris
https://static.inaturalist.org/photos/134267957/medium.jpeg,Thymus vulgaris
https://static.inaturalist.org/photos/134278652/medium.jpeg,Thymus vulgaris
https://inaturalist-open-data.s3.amazonaws.com/photos/134568062/medium.jpeg,Thymus vulgaris
https://inaturalist-open-data.s3.amazonaws.com/photos/134617656/medium.jpeg,Thymus vulgaris
https://inaturalist-open-data.s3.amazonaws.com/photos/134804134/medium.jpg,Thymus vulgaris
https://static.inaturalist.org/photos/134826713/medium.jpeg,Thymus vulgaris
https://inaturalist-open-data.s3.amazonaws.com/photos/135091647/medium.jpeg,Thymus vulgaris
https://inaturalist-open-data.s3.amazonaws.com/photos/135088482/medium.jpeg,Thymus vulgaris
https://static.inaturalist.org/photos/135195643/medium.jpg,Zadontomerus
https://inaturalist-open-data.s3.amazonaws.com/photos/135285819/medium.jpg,Thymus vulgaris
https://inaturalist-open-data.s3.amazonaws.com/photos/135664905/medium.jpeg,Thymus vulgaris
https://inaturalist-open-data.s3.amazonaws.com/photos/135671180/medium.jpeg,Thymus vulgaris
https://inaturalist-open-data.s3.amazonaws.com/photos/135786311/medium.jpeg,Thymus vulgaris
https://inaturalist-open-data.s3.amazonaws.com/photos/136235552/medium.jpeg,Thymus vulgaris
https://inaturalist-open-data.s3.amazonaws.com/photos/136480778/medium.jpg,Thymus vulgaris
https://static.inaturalist.org/photos/136681691/medium.jpg,Thymus vulgaris
https://inaturalist-open-data.s3.amazonaws.com/photos/136821019/medium.jpeg,Coelioxys
https://inaturalist-open-data.s3.amazonaws.com/photos/136959657/medium.jpg,Thymus vulgaris
https://inaturalist-open-data.s3.amazonaws.com/photos/137051527/medium.jpeg,Thymus vulgaris
https://inaturalist-open-data.s3.amazonaws.com/photos/137397794/medium.jpeg,Thymus vulgaris
https://inaturalist-open-data.s3.amazonaws.com/photos/137617605/medium.jpeg,Thymus vulgaris
https://inaturalist-open-data.s3.amazonaws.com/photos/137864320/medium.jpg,Thymus vulgaris
https://inaturalist-open-data.s3.amazonaws.com/photos/137880737/medium.jpg,Thymus vulgaris
https://inaturalist-open-data.s3.amazonaws.com/photos/138814257/medium.jpeg,Thymus vulgaris
https://inaturalist-open-data.s3.amazonaws.com/photos/140600585/medium.jpeg,Thymus vulgaris
https://inaturalist-open-data.s3.amazonaws.com/photos/140944997/medium.jpg,Thymus vulgaris
https://inaturalist-open-data.s3.amazonaws.com/photos/140945094/medium.jpg,Thymus vulgaris
https://inaturalist-open-data.s3.amazonaws.com/photos/140945125/medium.jpg,Thymus vulgaris
https://static.inaturalist.org/photos/141019670/medium.jpg,Thymus vulgaris
https://inaturalist-open-data.s3.amazonaws.com/photos/142310598/medium.jpeg,Thymus vulgaris
https://inaturalist-open-data.s3.amazonaws.com/photos/144261239/medium.jpeg,Thymus vulgaris
https://inaturalist-open-data.s3.amazonaws.com/photos/145315776/medium.jpeg,Thymus vulgaris
https://inaturalist-open-data.s3.amazonaws.com/photos/145377124/medium.jpeg,Thymus vulgaris
https://inaturalist-open-data.s3.amazonaws.com/photos/145556850/medium.jpeg,Thymus vulgaris
https://static.inaturalist.org/photos/146408868/medium.jpeg,Thymus vulgaris
https://inaturalist-open-data.s3.amazonaws.com/photos/147530243/medium.jpeg,Thymus vulgaris
https://static.inaturalist.org/photos/147790079/medium.jpeg,Thymus vulgaris
https://inaturalist-open-data.s3.amazonaws.com/photos/149609350/medium.jpeg,Thymus vulgaris
https://inaturalist-open-data.s3.amazonaws.com/photos/151360561/medium.jpeg,Thymus vulgaris
https://inaturalist-open-data.s3.amazonaws.com/photos/151920240/medium.jpeg,Thymus vulgaris
https://inaturalist-open-data.s3.amazonaws.com/photos/152849611/medium.jpg,Thymus vulgaris
https://inaturalist-open-data.s3.amazonaws.com/photos/156471544/medium.jpg,Thymus vulgaris
https://static.inaturalist.org/photos/157102163/medium.jpeg,Thymus vulgaris
https://inaturalist-open-data.s3.amazonaws.com/photos/157749150/medium.jpg,Thymus vulgaris
https://static.inaturalist.org/photos/158109421/medium.jpg,Thymus vulgaris
https://inaturalist-open-data.s3.amazonaws.com/photos/157970992/medium.jpeg,Thymus vulgaris
https://inaturalist-open-data.s3.amazonaws.com/photos/159678904/medium.jpg,Thymus vulgaris
https://inaturalist-open-data.s3.amazonaws.com/photos/160161594/medium.jpg,Thymus vulgaris
https://inaturalist-open-data.s3.amazonaws.com/photos/160161654/medium.jpg,Thymus vulgaris
https://inaturalist-open-data.s3.amazonaws.com/photos/160161775/medium.jpg,Thymus vulgaris
https://inaturalist-open-data.s3.amazonaws.com/photos/160161864/medium.jpg,Thymus vulgaris
https://inaturalist-open-data.s3.amazonaws.com/photos/160164853/medium.jpg,Thymus vulgaris
https://inaturalist-open-data.s3.amazonaws.com/photos/160164952/medium.jpg,Thymus vulgaris
https://inaturalist-open-data.s3.amazonaws.com/photos/160164975/medium.jpg,Thymus vulgaris
https://inaturalist-open-data.s3.amazonaws.com/photos/160218187/medium.jpeg,Thymus vulgaris
https://static.inaturalist.org/photos/160620670/medium.jpeg,Thymus vulgaris
https://inaturalist-open-data.s3.amazonaws.com/photos/160966929/medium.jpg,Thymus vulgaris
https://static.inaturalist.org/photos/162350829/medium.jpeg,Thymus vulgaris
https://static.inaturalist.org/photos/163052212/medium.jpeg,Thymus vulgaris
https://inaturalist-open-data.s3.amazonaws.com/photos/163151563/medium.jpeg,Thymus vulgaris
https://inaturalist-open-data.s3.amazonaws.com/photos/163426734/medium.jpg,Thymus vulgaris
https://static.inaturalist.org/photos/163754594/medium.jpeg,Thymus vulgaris
https://inaturalist-open-data.s3.amazonaws.com/photos/163988431/medium.jpeg,Thymus vulgaris
https://static.inaturalist.org/photos/164184414/medium.jpeg,Thymus vulgaris
https://static.inaturalist.org/photos/164188113/medium.jpeg,Thymus vulgaris
https://static.inaturalist.org/photos/164412348/medium.jpeg,Thymus vulgaris
https://inaturalist-open-data.s3.amazonaws.com/photos/165159234/medium.jpg,Thymus vulgaris
https://inaturalist-open-data.s3.amazonaws.com/photos/165266825/medium.jpg,Thymus vulgaris
https://inaturalist-open-data.s3.amazonaws.com/photos/165274964/medium.jpg,Thymus vulgaris
https://inaturalist-open-data.s3.amazonaws.com/photos/165305978/medium.jpeg,Thymus vulgaris
https://static.inaturalist.org/photos/166075340/medium.jpg,Thymus vulgaris
https://static.inaturalist.org/photos/166250866/medium.jpeg,Thymus vulgaris
https://inaturalist-open-data.s3.amazonaws.com/photos/166633165/medium.jpeg,Thymus vulgaris
https://inaturalist-open-data.s3.amazonaws.com/photos/166964052/medium.jpg,Thymus vulgaris
https://static.inaturalist.org/photos/167394516/medium.jpeg,Thymus vulgaris
https://inaturalist-open-data.s3.amazonaws.com/photos/167886377/medium.jpeg,Thymus vulgaris
https://inaturalist-open-data.s3.amazonaws.com/photos/168085361/medium.jpeg,Thymus vulgaris
https://inaturalist-open-data.s3.amazonaws.com/photos/169039350/medium.jpg,Thymus vulgaris
https://static.inaturalist.org/photos/169298379/medium.jpeg,Thymus vulgaris
https://static.inaturalist.org/photos/169302561/medium.jpeg,Thymus vulgaris
https://inaturalist-open-data.s3.amazonaws.com/photos/169441543/medium.jpg,Thymus vulgaris
https://inaturalist-open-data.s3.amazonaws.com/photos/169445227/medium.jpeg,Thymus vulgaris vulgaris
https://inaturalist-open-data.s3.amazonaws.com/photos/169481960/medium.jpeg,Thymus vulgaris
https://inaturalist-open-data.s3.amazonaws.com/photos/169561336/medium.jpeg,Thymus vulgaris
https://inaturalist-open-data.s3.amazonaws.com/photos/169799722/medium.jpeg,Thymus vulgaris
https://static.inaturalist.org/photos/170433563/medium.jpeg,Thymus vulgaris
https://inaturalist-open-data.s3.amazonaws.com/photos/170749251/medium.jpeg,Thymus vulgaris
https://inaturalist-open-data.s3.amazonaws.com/photos/170806630/medium.jpg,Thymus vulgaris
https://inaturalist-open-data.s3.amazonaws.com/photos/170807014/medium.jpg,Thymus vulgaris
https://inaturalist-open-data.s3.amazonaws.com/photos/171118266/medium.jpeg,Thymus vulgaris
https://inaturalist-open-data.s3.amazonaws.com/photos/171851654/medium.jpeg,Thymus vulgaris
https://inaturalist-open-data.s3.amazonaws.com/photos/172544120/medium.jpeg,Thymus vulgaris
https://inaturalist-open-data.s3.amazonaws.com/photos/172859495/medium.jpeg,Thymus vulgaris
